{"stats":{"minecraft:picked_up":{"exdeorum:gold_ore_chunk":135,"minecraft:charcoal":8,"minecraft:coarse_dirt":20,"minecraft:wheat":10,"exdeorum:dust":12,"minecraft:lead":1,"allthecompressed:basalt_1x":2,"minecraft:enchanted_book":1,"exdeorum:iron_ore_chunk":359,"xycraft_world:xychorium_storage_green":5,"exdeorum:stone_hammer":4,"exdeorum:blackstone_pebble":408,"minecraft:string":18,"exdeorum:granite_pebble":258,"exdeorum:string_mesh":1,"minecraft:wooden_sword":2,"minecraft:oak_sign":1,"minecraft:cobbled_deepslate":1,"minecraft:rose_bush":6,"exdeorum:zinc_ore_chunk":151,"minecraft:iron_nugget":3,"exdeorum:compressed_stone_hammer":2,"allthecompressed:cobblestone_1x":1,"xycraft_world:xychorium_gem_green":2,"minecraft:phantom_membrane":1,"minecraft:stick":81,"minecraft:stone":1,"exdeorum:platinum_ore_chunk":1,"sophisticatedbackpacks:backpack":1,"powah:book":1,"exdeorum:tuff_pebble":53,"minecraft:pointed_dripstone":150,"minecraft:redstone":3,"minecraft:black_dye":14,"exdeorum:silk_worm":1,"botania:orange_double_flower":1,"powah:wrench":1,"xycraft_world:xychorium_gem_blue":3,"ae2:certus_quartz_dust":6,"exdeorum:diorite_pebble":409,"xycraft_world:xychorium_storage_light":6,"exdeorum:tin_ore_chunk":224,"minecraft:gold_ingot":18,"exdeorum:andesite_pebble":252,"supplementaries:ash":1,"exdeorum:crushed_deepslate":33,"minecraft:blaze_powder":6,"exdeorum:osmium_ore_chunk":135,"exdeorum:crook":1,"exdeorum:random_pottery_sherd":1,"minecraft:cooked_beef":36,"exdeorum:basalt_pebble":367,"minecraft:basalt":2,"minecraft:magma_cream":3,"rftoolspower:coalgenerator":1,"enderio:grains_of_infinity":3,"minecraft:flint":540,"minecraft:tuff":1,"botania:orange_petal":2,"minecraft:oak_log":22,"minecraft:ancient_debris":1,"minecraft:gunpowder":8,"minecraft:lapis_lazuli":182,"minecraft:dirt":31,"exdeorum:nickel_ore_chunk":167,"immersiveengineering:hemp_fiber":13,"ae2:sky_dust":9,"minecraft:bone":1,"minecraft:apple":3,"minecraft:wheat_seeds":28,"exdeorum:stone_pebble":1408,"minecraft:iron_ingot":20,"minecraft:glowstone_dust":5,"alltheores:tin_ingot":1,"minecraft:iron_sword":1,"minecraft:oak_planks":24,"dankstorage:dank_1":4,"exdeorum:crushed_blackstone":52,"minecraft:oak_slab":7,"exdeorum:deepslate_pebble":328,"exdeorum:lead_ore_chunk":146,"allthecompressed:gravel_1x":1,"ae2:certus_quartz_crystal":1,"integrateddynamics:squeezer":1,"minecraft:gravel":2631,"exdeorum:flint_mesh":6,"minecraft:sand":13,"minecraft:amethyst_shard":96,"forcecraft:recovery_heart":1,"exdeorum:silver_ore_chunk":148,"minecraft:barrel":1,"cobblefordays:tier_2":1,"minecraft:diamond":17,"xycraft_world:xychorium_gem_light":5,"exdeorum:aluminum_ore_chunk":145,"minecraft:clay":3,"immersiveengineering:seed":6,"exdeorum:calcite_pebble":51,"exdeorum:uranium_ore_chunk":1,"minecraft:bone_meal":7,"exdeorum:copper_ore_chunk":295,"minecraft:emerald":23,"xycraft_world:xychorium_storage_blue":5,"minecraft:oak_sapling":20,"minecraft:coal":345,"minecraft:oak_leaves":5,"alltheores:copper_ore_hammer":3},"minecraft:dropped":{"exdeorum:basalt_pebble":38,"minecraft:enchanted_book":2,"minecraft:iron_ingot":50,"minecraft:black_dye":5,"minecraft:oak_slab":4,"xycraft_world:xychorium_gem_green":1,"dankstorage:dank_1":2,"exdeorum:crushed_blackstone":2,"minecraft:wheat_seeds":9,"minecraft:lapis_lazuli":1,"minecraft:cooked_beef":39,"minecraft:oak_log":1,"exdeorum:deepslate_pebble":30,"integrateddynamics:squeezer":1,"exdeorum:zinc_ore_chunk":1,"exdeorum:copper_ore_chunk":3,"minecraft:cobblestone":34,"exdeorum:iron_ore_chunk":3,"minecraft:coal":2,"alltheores:tin_ingot":1,"minecraft:stick":61,"minecraft:flint":21,"exdeorum:gold_ore_chunk":2,"minecraft:dirt":36,"minecraft:ice":1,"exdeorum:silk_worm":1,"exdeorum:compressed_stone_hammer":3,"alltheores:copper_ore_hammer":1,"exdeorum:tuff_pebble":2,"minecraft:wooden_sword":2,"exdeorum:crook":1,"exdeorum:granite_pebble":100,"minecraft:phantom_membrane":1,"minecraft:sand":18,"minecraft:string":13,"exdeorum:stone_pebble":72,"exdeorum:lead_ore_chunk":1,"minecraft:gold_ingot":18,"minecraft:polished_deepslate":7,"minecraft:redstone":2,"minecraft:bone":1,"xycraft_world:xychorium_gem_light":1,"minecraft:gravel":50,"croptopia:toast":1,"minecraft:cobbled_deepslate":1,"minecraft:wheat":1,"minecraft:pointed_dripstone":132,"xycraft_world:xychorium_gem_blue":1,"minecraft:oak_planks":12,"exdeorum:flint_mesh":1,"minecraft:blaze_powder":3,"exdeorum:silver_ore_chunk":1,"minecraft:copper_ore":43,"cobblefordays:tier_2":1,"supplementaries:ash":1,"exdeorum:nickel_ore_chunk":5,"minecraft:stone":1,"exdeorum:tin_ore_chunk":3,"minecraft:howl_pottery_sherd":1,"minecraft:oak_sapling":2,"minecraft:barrel":1,"exdeorum:diorite_pebble":196,"minecraft:stone_pickaxe":1,"exdeorum:andesite_pebble":21,"exdeorum:blackstone_pebble":30,"minecraft:magma_cream":1,"immersiveengineering:seed":2,"exdeorum:stone_hammer":5,"minecraft:water_bucket":1},"minecraft:mined":{"allthecompressed:blackstone_1x":2,"exdeorum:crushed_deepslate":1,"minecraft:oak_sapling":1,"minecraft:farmland":1,"botania:orange_double_flower":1,"botania:orange_buried_petals":2,"minecraft:grass_block":1,"exdeorum:crushed_blackstone":2,"allthecompressed:sand_1x":1,"allthecompressed:diorite_1x":1,"immersiveengineering:hemp":1,"minecraft:cobbled_deepslate":4,"minecraft:andesite":10,"minecraft:pointed_dripstone":5,"minecraft:oak_sign":1,"allthecompressed:andesite_1x":1,"minecraft:stone":1,"minecraft:blackstone":32,"exdeorum:infested_leaves":48,"minecraft:basalt":2,"allthecompressed:cobbled_deepslate_1x":3,"allthecompressed:gravel_1x":2,"minecraft:rose_bush":5,"minecraft:tall_grass":1,"minecraft:cobblestone":1,"minecraft:diorite":1,"minecraft:wheat":10,"exdeorum:dust":4,"minecraft:oak_log":23,"allthecompressed:basalt_1x":2,"minecraft:dirt":4,"minecraft:gravel":8,"minecraft:sand":1,"allthecompressed:cobblestone_1x":307,"minecraft:oak_leaves":12},"minecraft:killed":{"minecraft:phantom":2},"minecraft:crafted":{"minecraft:coarse_dirt":6,"minecraft:farmland":14,"minecraft:oak_planks":25,"minecraft:barrel":1,"allthecompressed:stone_1x":1,"allthecompressed:basalt_1x":2,"minecraft:cobbled_deepslate":47,"minecraft:sand":3,"minecraft:furnace":1,"alltheores:silver_ore":5,"croptopia:toast":8,"minecraft:stone":13,"allthecompressed:cobblestone_1x":368,"allthecompressed:cobbled_deepslate_1x":3,"alltheores:osmium_ore":4,"minecraft:granite":16,"alltheores:tin_ingot":1,"minecraft:basalt":21,"alltheores:tin_ore":8,"minecraft:polished_deepslate":2,"alltheores:aluminum_ore":2,"alltheores:nickel_ore":3,"minecraft:stone_pickaxe":1,"allthecompressed:sand_1x":1,"allthecompressed:andesite_1x":1,"allthecompressed:diorite_1x":1,"exdeorum:iron_mesh":5,"exdeorum:stone_hammer":10,"dankstorage:dank_1":1,"minecraft:tuff":8,"minecraft:oak_slab":6,"exdeorum:oak_barrel":1,"minecraft:crafting_table":1,"alltheores:zinc_ore":3,"minecraft:gold_ore":26,"minecraft:calcite":4,"pickletweaks:flint_shears":1,"minecraft:gravel":2,"exdeorum:compressed_stone_hammer":1,"minecraft:copper_ore":55,"minecraft:bucket":1,"minecraft:diorite":14,"minecraft:air":1262,"alltheores:lead_ore":3,"exdeorum:crook":1,"ae2:tiny_tnt":1,"minecraft:cobblestone":345,"minecraft:stick":4,"minecraft:iron_ingot":70,"minecraft:blackstone":55,"allthecompressed:cobblestone_2x":7,"minecraft:gold_ingot":20,"minecraft:iron_ore":83,"exdeorum:oak_sieve":1,"allthecompressed:blackstone_1x":2,"minecraft:andesite":19},"minecraft:custom":{"minecraft:mob_kills":2,"minecraft:interact_with_crafting_table":80,"minecraft:leave_game":1,"minecraft:time_since_death":39724,"minecraft:sprint_one_cm":17967,"minecraft:walk_one_cm":309781,"minecraft:drop":171,"minecraft:talked_to_villager":9,"minecraft:play_time":239652,"minecraft:deaths":1,"minecraft:sneak_time":16088,"minecraft:jump":805,"minecraft:walk_on_water_one_cm":3510,"minecraft:total_world_time":239652,"minecraft:interact_with_furnace":50,"tombstone:raider_killed":2,"minecraft:sleep_in_bed":3,"minecraft:time_since_rest":39244,"minecraft:damage_taken":950,"minecraft:damage_dealt":1062,"minecraft:fly_one_cm":15217,"minecraft:open_chest":174,"minecraft:crouch_one_cm":8978,"tombstone:undead_killed":2,"minecraft:fall_one_cm":19399},"minecraft:used":{"minecraft:rose_bush":5,"minecraft:polished_deepslate":1,"immersiveengineering:seed":2,"minecraft:oak_sign":1,"rftoolspower:coalgenerator":1,"allthecompressed:blackstone_1x":2,"minecraft:iron_sword":1,"minecraft:stone":1,"exdeorum:crook":33,"allthecompressed:cobblestone_1x":307,"minecraft:farmland":14,"minecraft:dirt":3,"minecraft:ancient_debris":1,"minecraft:tuff":1,"allthecompressed:cobblestone_2x":7,"minecraft:lava_bucket":1,"exdeorum:crushed_deepslate":33,"minecraft:barrel":1,"allthecompressed:stone_1x":1,"allthecompressed:diorite_1x":1,"minecraft:basalt":2,"exdeorum:stone_hammer":59,"minecraft:oak_sapling":3,"minecraft:furnace":1,"botania:orange_petal":3,"tombstone:gift":2,"allthecompressed:basalt_1x":2,"minecraft:cooked_beef":1,"minecraft:cobbled_deepslate":5,"minecraft:pointed_dripstone":8,"minecraft:calcite":1,"minecraft:wheat_seeds":19,"minecraft:water_bucket":1,"minecraft:diorite":1,"minecraft:stone_pickaxe":10,"minecraft:blackstone":32,"allthecompressed:andesite_1x":1,"minecraft:oak_leaves":5,"minecraft:sand":26,"xycraft_world:xychorium_storage_light":1,"minecraft:crafting_table":1,"exdeorum:crushed_blackstone":50,"croptopia:scrambled_eggs":1,"exdeorum:dust":60,"minecraft:wooden_hoe":9,"exdeorum:oak_barrel":1,"allthecompressed:gravel_1x":1,"minecraft:gravel":2627,"croptopia:toast":4,"minecraft:wooden_sword":33,"allthecompressed:cobbled_deepslate_1x":3,"minecraft:cobblestone":2,"minecraft:bucket":1,"minecraft:andesite":10,"exdeorum:compressed_stone_hammer":332,"minecraft:coarse_dirt":5,"minecraft:bone_meal":1}},"DataVersion":3465}