{"stats":{"minecraft:picked_up":{"minecraft:rose_bush":2,"minecraft:oak_sign":1},"minecraft:mined":{"minecraft:oak_sign":1,"minecraft:rose_bush":2},"minecraft:custom":{"minecraft:jump":7,"minecraft:time_since_rest":6001,"minecraft:leave_game":1,"minecraft:damage_dealt":18,"minecraft:crouch_one_cm":245,"minecraft:sprint_one_cm":1467,"minecraft:play_time":6001,"minecraft:time_since_death":6001,"minecraft:walk_one_cm":6142,"minecraft:sneak_time":28,"minecraft:total_world_time":6001,"minecraft:fly_one_cm":816},"minecraft:used":{"minecraft:oak_sign":1,"minecraft:rose_bush":2}},"DataVersion":3465}