{"stats":{"minecraft:picked_up":{"exdeorum:gold_ore_chunk":7,"minecraft:coarse_dirt":20,"minecraft:wheat":10,"exdeorum:dust":3,"allthecompressed:basalt_1x":2,"exdeorum:iron_ore_chunk":20,"exdeorum:stone_hammer":3,"exdeorum:blackstone_pebble":150,"minecraft:string":18,"exdeorum:granite_pebble":170,"exdeorum:string_mesh":1,"minecraft:wooden_sword":1,"minecraft:oak_sign":1,"minecraft:rose_bush":6,"exdeorum:zinc_ore_chunk":3,"minecraft:iron_nugget":1,"exdeorum:compressed_stone_hammer":1,"allthecompressed:cobblestone_1x":1,"xycraft_world:xychorium_gem_green":2,"minecraft:phantom_membrane":1,"minecraft:stick":56,"exdeorum:platinum_ore_chunk":1,"exdeorum:tuff_pebble":17,"minecraft:pointed_dripstone":19,"minecraft:redstone":2,"minecraft:black_dye":1,"botania:orange_double_flower":1,"xycraft_world:xychorium_gem_blue":2,"ae2:certus_quartz_dust":6,"exdeorum:diorite_pebble":154,"exdeorum:tin_ore_chunk":12,"exdeorum:andesite_pebble":155,"exdeorum:crushed_deepslate":12,"minecraft:blaze_powder":6,"exdeorum:osmium_ore_chunk":1,"exdeorum:crook":1,"minecraft:cooked_beef":36,"exdeorum:basalt_pebble":182,"minecraft:basalt":2,"enderio:grains_of_infinity":3,"minecraft:flint":40,"botania:orange_petal":2,"minecraft:oak_log":22,"minecraft:ancient_debris":1,"minecraft:gunpowder":4,"minecraft:lapis_lazuli":5,"minecraft:dirt":31,"exdeorum:nickel_ore_chunk":10,"immersiveengineering:hemp_fiber":13,"ae2:sky_dust":7,"minecraft:bone":1,"minecraft:apple":3,"minecraft:wheat_seeds":28,"exdeorum:stone_pebble":875,"minecraft:glowstone_dust":4,"alltheores:tin_ingot":1,"minecraft:oak_planks":18,"dankstorage:dank_1":1,"exdeorum:crushed_blackstone":13,"minecraft:oak_slab":7,"exdeorum:deepslate_pebble":170,"exdeorum:lead_ore_chunk":3,"allthecompressed:gravel_1x":1,"minecraft:gravel":118,"minecraft:sand":3,"minecraft:amethyst_shard":3,"forcecraft:recovery_heart":1,"exdeorum:silver_ore_chunk":7,"xycraft_world:xychorium_gem_light":3,"exdeorum:aluminum_ore_chunk":5,"minecraft:clay":3,"immersiveengineering:seed":6,"exdeorum:calcite_pebble":17,"exdeorum:uranium_ore_chunk":1,"minecraft:bone_meal":6,"exdeorum:copper_ore_chunk":15,"minecraft:oak_sapling":19,"minecraft:coal":21},"minecraft:dropped":{"exdeorum:basalt_pebble":38,"minecraft:enchanted_book":1,"xycraft_world:xychorium_gem_green":1,"dankstorage:dank_1":1,"exdeorum:crushed_blackstone":2,"minecraft:wheat_seeds":9,"minecraft:lapis_lazuli":1,"minecraft:cooked_beef":39,"minecraft:oak_log":1,"exdeorum:deepslate_pebble":29,"exdeorum:zinc_ore_chunk":1,"exdeorum:copper_ore_chunk":3,"minecraft:cobblestone":13,"exdeorum:iron_ore_chunk":3,"minecraft:coal":2,"alltheores:tin_ingot":1,"minecraft:stick":36,"minecraft:flint":15,"exdeorum:gold_ore_chunk":2,"minecraft:dirt":36,"minecraft:ice":1,"exdeorum:compressed_stone_hammer":1,"exdeorum:crook":1,"exdeorum:granite_pebble":48,"minecraft:sand":18,"minecraft:string":13,"exdeorum:stone_pebble":26,"exdeorum:lead_ore_chunk":1,"minecraft:bone":1,"xycraft_world:xychorium_gem_light":1,"minecraft:gravel":18,"croptopia:toast":1,"minecraft:wheat":1,"xycraft_world:xychorium_gem_blue":1,"minecraft:blaze_powder":3,"exdeorum:silver_ore_chunk":1,"exdeorum:nickel_ore_chunk":3,"exdeorum:tin_ore_chunk":3,"exdeorum:diorite_pebble":34,"minecraft:stone_pickaxe":1,"exdeorum:andesite_pebble":21,"exdeorum:blackstone_pebble":28,"immersiveengineering:seed":2,"exdeorum:stone_hammer":4,"minecraft:water_bucket":1},"minecraft:mined":{"allthecompressed:blackstone_1x":1,"exdeorum:crushed_deepslate":1,"minecraft:oak_sapling":1,"minecraft:farmland":1,"botania:orange_double_flower":1,"botania:orange_buried_petals":2,"minecraft:grass_block":1,"exdeorum:crushed_blackstone":2,"allthecompressed:diorite_1x":1,"immersiveengineering:hemp":1,"minecraft:cobbled_deepslate":2,"minecraft:andesite":10,"minecraft:pointed_dripstone":5,"minecraft:oak_sign":1,"allthecompressed:andesite_1x":1,"minecraft:blackstone":2,"exdeorum:infested_leaves":48,"minecraft:basalt":2,"allthecompressed:cobbled_deepslate_1x":1,"allthecompressed:gravel_1x":1,"minecraft:rose_bush":5,"minecraft:tall_grass":1,"minecraft:diorite":1,"minecraft:wheat":10,"exdeorum:dust":4,"minecraft:oak_log":23,"allthecompressed:basalt_1x":2,"minecraft:dirt":4,"minecraft:gravel":4,"minecraft:sand":1,"allthecompressed:cobblestone_1x":12,"minecraft:oak_leaves":7},"minecraft:killed":{"minecraft:phantom":2},"minecraft:crafted":{"minecraft:coarse_dirt":6,"minecraft:farmland":14,"minecraft:oak_planks":25,"minecraft:barrel":1,"allthecompressed:basalt_1x":2,"minecraft:cobbled_deepslate":18,"minecraft:sand":3,"minecraft:furnace":1,"croptopia:toast":8,"allthecompressed:cobblestone_1x":10,"allthecompressed:cobbled_deepslate_1x":1,"minecraft:granite":16,"alltheores:tin_ingot":1,"minecraft:basalt":21,"alltheores:tin_ore":1,"minecraft:stone_pickaxe":1,"allthecompressed:sand_1x":1,"allthecompressed:andesite_1x":1,"allthecompressed:diorite_1x":1,"exdeorum:stone_hammer":10,"dankstorage:dank_1":1,"minecraft:oak_slab":6,"exdeorum:oak_barrel":1,"minecraft:crafting_table":1,"minecraft:calcite":4,"minecraft:gravel":2,"exdeorum:compressed_stone_hammer":1,"minecraft:copper_ore":2,"minecraft:bucket":1,"minecraft:diorite":14,"minecraft:air":403,"exdeorum:crook":1,"ae2:tiny_tnt":1,"minecraft:cobblestone":130,"minecraft:stick":4,"minecraft:iron_ingot":3,"minecraft:blackstone":16,"minecraft:iron_ore":3,"exdeorum:oak_sieve":1,"allthecompressed:blackstone_1x":1,"minecraft:andesite":19},"minecraft:custom":{"minecraft:mob_kills":2,"minecraft:interact_with_crafting_table":56,"minecraft:leave_game":1,"minecraft:time_since_death":113652,"minecraft:sprint_one_cm":3531,"minecraft:walk_one_cm":160353,"minecraft:drop":74,"minecraft:talked_to_villager":1,"minecraft:play_time":113652,"minecraft:sneak_time":8578,"minecraft:jump":223,"minecraft:walk_on_water_one_cm":275,"minecraft:total_world_time":113652,"minecraft:interact_with_furnace":15,"tombstone:raider_killed":2,"minecraft:sleep_in_bed":1,"minecraft:time_since_rest":11663,"minecraft:damage_taken":290,"minecraft:damage_dealt":997,"minecraft:fly_one_cm":6686,"minecraft:open_chest":147,"minecraft:crouch_one_cm":7599,"tombstone:undead_killed":2,"minecraft:fall_one_cm":5274},"minecraft:used":{"minecraft:rose_bush":5,"immersiveengineering:seed":2,"minecraft:oak_sign":1,"allthecompressed:blackstone_1x":1,"exdeorum:crook":33,"allthecompressed:cobblestone_1x":12,"minecraft:farmland":14,"minecraft:dirt":3,"minecraft:ancient_debris":1,"minecraft:lava_bucket":1,"exdeorum:crushed_deepslate":12,"allthecompressed:diorite_1x":1,"minecraft:basalt":2,"exdeorum:stone_hammer":22,"minecraft:oak_sapling":3,"minecraft:furnace":1,"botania:orange_petal":3,"allthecompressed:basalt_1x":2,"minecraft:cooked_beef":1,"minecraft:cobbled_deepslate":2,"minecraft:pointed_dripstone":5,"minecraft:calcite":1,"minecraft:wheat_seeds":19,"minecraft:water_bucket":1,"minecraft:diorite":1,"minecraft:stone_pickaxe":10,"minecraft:blackstone":2,"allthecompressed:andesite_1x":1,"minecraft:sand":16,"minecraft:crafting_table":1,"exdeorum:crushed_blackstone":11,"exdeorum:dust":51,"minecraft:wooden_hoe":9,"exdeorum:oak_barrel":1,"allthecompressed:gravel_1x":1,"minecraft:gravel":106,"croptopia:toast":2,"minecraft:wooden_sword":33,"allthecompressed:cobbled_deepslate_1x":1,"minecraft:cobblestone":1,"minecraft:bucket":1,"minecraft:andesite":10,"exdeorum:compressed_stone_hammer":32,"minecraft:coarse_dirt":5,"minecraft:bone_meal":1}},"DataVersion":3465}