{"stats":{"minecraft:picked_up":{"exdeorum:crook":1,"minecraft:stick":50,"exdeorum:deepslate_pebble":39,"exdeorum:basalt_pebble":34,"minecraft:cooked_beef":36,"allthecompressed:gravel_1x":1,"minecraft:gravel":1,"exdeorum:stone_hammer":3,"botania:orange_petal":1,"minecraft:oak_log":12,"minecraft:dirt":14,"exdeorum:blackstone_pebble":21,"minecraft:string":13,"exdeorum:granite_pebble":41,"minecraft:oak_sign":1,"minecraft:apple":1,"exdeorum:diorite_pebble":34,"exdeorum:stone_pebble":181,"minecraft:rose_bush":4,"exdeorum:andesite_pebble":30,"exdeorum:compressed_stone_hammer":1,"allthecompressed:cobblestone_1x":1,"minecraft:oak_sapling":6},"minecraft:dropped":{"exdeorum:basalt_pebble":38,"minecraft:enchanted_book":1,"minecraft:dirt":12,"minecraft:cooked_beef":39,"minecraft:oak_log":1,"exdeorum:deepslate_pebble":29,"exdeorum:compressed_stone_hammer":1,"minecraft:cobblestone":13,"exdeorum:diorite_pebble":34,"exdeorum:crook":1,"exdeorum:granite_pebble":48,"exdeorum:andesite_pebble":21,"exdeorum:blackstone_pebble":27,"exdeorum:stone_pebble":26,"minecraft:stick":36,"minecraft:gravel":6,"exdeorum:stone_hammer":4},"minecraft:mined":{"minecraft:oak_sapling":1,"exdeorum:infested_leaves":39,"botania:orange_buried_petals":1,"allthecompressed:gravel_1x":1,"minecraft:oak_log":12,"minecraft:gravel":1,"minecraft:oak_sign":1,"minecraft:dirt":2,"minecraft:rose_bush":4,"allthecompressed:cobblestone_1x":1,"minecraft:oak_leaves":2},"minecraft:crafted":{"minecraft:oak_planks":10,"minecraft:cobblestone":42,"minecraft:crafting_table":1,"minecraft:cobbled_deepslate":3,"minecraft:gravel":2,"minecraft:stone_pickaxe":1,"exdeorum:compressed_stone_hammer":1,"minecraft:andesite":3,"allthecompressed:cobblestone_1x":1,"exdeorum:stone_hammer":10,"minecraft:air":113,"exdeorum:crook":1},"minecraft:custom":{"minecraft:time_since_rest":29652,"minecraft:sprint_one_cm":1540,"minecraft:damage_taken":40,"minecraft:walk_one_cm":32829,"minecraft:drop":22,"minecraft:damage_dealt":448,"minecraft:talked_to_villager":1,"minecraft:interact_with_crafting_table":17,"minecraft:fly_one_cm":936,"minecraft:open_chest":12,"minecraft:crouch_one_cm":1800,"minecraft:play_time":29652,"minecraft:sneak_time":2199,"minecraft:jump":19,"minecraft:leave_game":1,"minecraft:time_since_death":29652,"minecraft:total_world_time":29652,"minecraft:fall_one_cm":418},"minecraft:used":{"minecraft:rose_bush":4,"minecraft:stone_pickaxe":2,"allthecompressed:gravel_1x":1,"minecraft:oak_sign":1,"exdeorum:crook":33,"allthecompressed:cobblestone_1x":1,"minecraft:gravel":1,"minecraft:dirt":2,"minecraft:crafting_table":1,"minecraft:oak_sapling":2,"botania:orange_petal":1,"exdeorum:compressed_stone_hammer":7,"minecraft:cooked_beef":1}},"DataVersion":3465}