{"stats":{"minecraft:crafted":{"minecraft:farmland":14,"minecraft:smooth_stone":21,"minecraft:oak_planks":43,"minecraft:barrel":1,"exdeorum:iron_hammer":9,"mekanism:configurator":1,"allthecompressed:basalt_1x":2,"forbidden_arcanus:artisan_relic":1,"alltheores:lead_ingot":4,"minecraft:sand":3,"alltheores:silver_ore":162,"croptopia:toast":8,"minecraft:stone":53,"mekanismgenerators:heat_generator":1,"mekanismtools:refined_glowstone_leggings":1,"allthecompressed:cobbled_deepslate_1x":3,"alltheores:osmium_ore":141,"minecraft:granite":32,"alltheores:tin_ingot":131,"minecraft:glass":0,"alltheores:aluminum_ore":164,"alltheores:nickel_ore":192,"alltheores:zinc_ingot":109,"allthecompressed:sand_1x":240,"mekanism:elite_control_circuit":1,"alltheores:steel_dust":28,"exdeorum:stone_hammer":11,"mekanism:energy_tablet":3,"minecraft:oak_slab":6,"exdeorum:oak_barrel":1,"minecraft:crafting_table":1,"alltheores:diamond_dust":29,"minecraft:gold_ore":162,"minecraft:baked_potato":26,"minecraft:gravel":2,"minecraft:copper_ingot":121,"minecraft:diorite":70,"alltheores:lead_ore":181,"ae2:tiny_tnt":1,"minecraft:diamond_pickaxe":4,"mekanism:steel_casing":4,"minecraft:stick":14,"minecraft:iron_ingot":391,"minecraft:gold_ingot":167,"minecraft:iron_ore":290,"exdeorum:oak_sieve":1,"mekanism:osmium_compressor":1,"minecraft:coarse_dirt":6,"exchangers:mekanism_exchanger_core_tier1":1,"pickletweaks:flint_leggings":1,"mekanismgenerators:wind_generator":1,"alltheores:aluminum_ingot":124,"allthecompressed:stone_1x":1,"mekanism:pressurized_reaction_chamber":1,"minecraft:cobbled_deepslate":93,"mekanism:basic_chemical_tank":2,"minecraft:furnace":5,"mekanism:energized_smelter":1,"exdeorum:diamond_mesh":12,"allthecompressed:cobblestone_1x":1651,"darkutils:damage_plate_player":1,"allthecompressed:gravel_1x":254,"minecraft:basalt":21,"alltheores:tin_ore":242,"minecraft:polished_deepslate":2,"utilitarian:snad":1,"minecraft:stone_pickaxe":1,"allthecompressed:andesite_1x":1,"allthecompressed:diorite_1x":1,"alltheores:steel_ingot":0,"minecraft:netherite_scrap":3,"exdeorum:iron_mesh":5,"dankstorage:dank_1":1,"minecraft:tuff":8,"exdeorum:golden_mesh":12,"supplementaries:globe_sepia":1,"summoningrituals:altar":1,"minecraft:diamond_sword":2,"alltheores:osmium_ingot":120,"alltheores:nickel_ingot":97,"mekanism:metallurgic_infuser":2,"alltheores:zinc_ore":172,"minecraft:calcite":12,"mekanism:dynamic_tank":4,"pickletweaks:flint_shears":1,"pickletweaks:flint_scythe":1,"exdeorum:compressed_stone_hammer":1,"minecraft:copper_ore":250,"minecraft:bucket":5,"minecraft:air":5300,"exdeorum:crook":1,"exdeorum:compressed_iron_hammer":11,"mekanism:enrichment_chamber":2,"minecraft:cobblestone":345,"pickletweaks:flint_boots":1,"pickletweaks:flint_chestplate":1,"minecraft:blackstone":134,"mekanismtools:refined_glowstone_boots":1,"allthecompressed:cobblestone_2x":7,"mekanism:advanced_control_circuit":5,"pickletweaks:flint_helmet":1,"alltheores:iron_dust":105,"allthecompressed:blackstone_1x":6,"minecraft:andesite":19},"minecraft:dropped":{"exdeorum:basalt_pebble":376,"minecraft:gold_ore":101,"forbidden_arcanus:artisan_relic":2,"minecraft:iron_sword":1,"exdeorum:crushed_blackstone":2,"alltheores:raw_silver":7,"minecraft:lapis_lazuli":3,"minecraft:oak_log":1,"minecraft:cooked_beef":39,"croptopia:avocado_toast":2,"minecraft:diamond":46,"minecraft:ender_pearl":1,"exdeorum:copper_ore_chunk":140,"integrateddynamics:squeezer":1,"exdeorum:zinc_ore_chunk":6,"pickletweaks:flint_scythe":1,"minecraft:honeycomb":4,"minecraft:leather":11,"mekanism:basic_control_circuit":2,"alltheores:tin_ingot":1,"reliquary:chelicerae":3,"minecraft:emerald":64,"minecraft:flint":104,"alltheores:osmium_ingot":30,"exdeorum:gold_ore_chunk":16,"minecraft:dirt":92,"minecraft:ice":1,"exdeorum:compressed_stone_hammer":3,"minecraft:amethyst_shard":1,"minecraft:wooden_sword":2,"exdeorum:crook":1,"exdeorum:granite_pebble":217,"minecraft:phantom_membrane":1,"minecraft:sand":49,"minecraft:iron_pickaxe":2,"exdeorum:lead_ore_chunk":8,"minecraft:gold_ingot":50,"enderio:grains_of_infinity":9,"minecraft:bone":63,"xycraft_world:xychorium_gem_light":1,"minecraft:gravel":87,"croptopia:toast":1,"minecraft:cobbled_deepslate":1,"minecraft:obsidian":1,"minecraft:wheat":1,"minecraft:pointed_dripstone":132,"xycraft_world:xychorium_gem_blue":1,"exdeorum:compressed_iron_hammer":1,"minecraft:rotten_flesh":131,"minecraft:oak_planks":12,"pickletweaks:flint_boots":1,"minecraft:blaze_powder":51,"exdeorum:silver_ore_chunk":8,"minecraft:carrot":6,"exdeorum:crushed_netherrack":1,"patchouli:guide_book":1,"minecraft:chainmail_chestplate":2,"cobblefordays:tier_2":1,"minecraft:leather_chestplate":1,"supplementaries:ash":4,"minecraft:gunpowder":46,"mysticalagriculture:inferium_essence":14,"apotheosis:gem":3,"minecraft:iron_ore":2,"create:wheat_flour":10,"minecraft:arrow":46,"minecraft:glass":46,"immersiveengineering:seed":2,"reliquary:zombie_heart":6,"minecraft:golden_boots":2,"minecraft:enchanted_book":4,"minecraft:egg":3,"minecraft:iron_ingot":114,"minecraft:water_bucket":1,"minecraft:oak_slab":8,"xycraft_world:xychorium_gem_green":1,"dankstorage:dank_1":3,"minecraft:black_dye":5,"minecraft:wheat_seeds":13,"exdeorum:deepslate_pebble":110,"allthecompressed:cobblestone_1x":95,"exdeorum:mycelium_spores":1,"minecraft:poisonous_potato":1,"minecraft:lead":11,"minecraft:cobblestone":65,"minecraft:granite":15,"ironfurnaces:upgrade_iron":1,"exdeorum:iron_ore_chunk":317,"minecraft:coal":5,"exdeorum:osmium_ore_chunk":5,"minecraft:stick":84,"minecraft:diorite":4,"tombstone:magic_scroll":1,"exdeorum:silk_worm":1,"alltheores:copper_ore_hammer":1,"tombstone:grave_dust":4,"exdeorum:tuff_pebble":2,"alltheores:lead_ingot":4,"mekanism:salt":5,"minecraft:bucket":1,"minecraft:string":68,"exdeorum:stone_pebble":147,"reliquary:rib_bone":2,"alltheores:iron_dust":15,"minecraft:polished_deepslate":7,"minecraft:redstone":78,"thermal:apatite":20,"exchangers:mekanism_exchanger_core_tier1":1,"alltheores:raw_osmium":42,"minecraft:raw_iron":3,"minecraft:white_carpet":6,"sophisticatedbackpacks:backpack":1,"exdeorum:flint_mesh":1,"mekanism:alloy_reinforced":12,"minecraft:copper_ore":43,"xycraft_world:xychorium_gem_red":5,"minecraft:potato":1,"exdeorum:nickel_ore_chunk":7,"minecraft:stone":4,"minecraft:bundle":1,"exdeorum:tin_ore_chunk":5,"minecraft:diamond_pickaxe":4,"exdeorum:aluminum_ore_chunk":13,"minecraft:howl_pottery_sherd":1,"minecraft:oak_sapling":2,"ae2:certus_quartz_dust":1,"mekanismtools:refined_glowstone_leggings":1,"alltheores:nickel_ore":64,"exdeorum:diorite_pebble":202,"minecraft:barrel":1,"minecraft:spider_eye":34,"minecraft:bow":3,"exdeorum:andesite_pebble":249,"minecraft:stone_pickaxe":1,"exdeorum:blackstone_pebble":177,"minecraft:raw_gold":6,"minecraft:magma_cream":1,"exdeorum:stone_hammer":9},"minecraft:picked_up":{"exdeorum:mycelium_spores":2,"reliquary:mob_charm_belt":1,"minecraft:wheat":10,"exdeorum:dust":2154,"minecraft:chainmail_boots":1,"allthecompressed:cobblestone_2x":8,"minecraft:prismarine_shard":11,"minecraft:lead":13,"allthecompressed:basalt_1x":2,"minecraft:enchanted_book":3,"xycraft_world:xychorium_storage_green":5,"exdeorum:iron_ore_chunk":1772,"forbidden_arcanus:artisan_relic":2,"exdeorum:stone_hammer":7,"minecraft:raw_copper":313,"exdeorum:grass_seeds":2,"minecraft:string":63,"mekanismgenerators:heat_generator":4,"minecraft:oak_sign":1,"thermal:sulfur":21,"mysticalagriculture:inferium_essence":13,"reliquary:zombie_heart":6,"minecraft:cobbled_deepslate":1,"minecraft:rose_bush":6,"minecraft:calcite":8,"minecraft:iron_pickaxe":2,"xycraft_world:xychorium_gem_green":93,"minecraft:furnace":1,"minecraft:stick":108,"apotheosis:gem":13,"minecraft:torch":1,"powah:book":1,"tombstone:grave_dust":5,"minecraft:pointed_dripstone":150,"minecraft:black_dye":14,"thermal:apatite":40,"minecraft:rotten_flesh":116,"botania:orange_double_flower":1,"exdeorum:tin_ore_chunk":1225,"supplementaries:ash":6,"minecraft:obsidian":3,"minecraft:blaze_powder":160,"minecraft:cobblestone":28,"exdeorum:crook":1,"exdeorum:osmium_ore_chunk":700,"minecraft:leather_chestplate":1,"exdeorum:basalt_pebble":367,"minecraft:cooked_beef":36,"minecraft:magma_cream":13,"enderio:grains_of_infinity":239,"minecraft:potato":13,"minecraft:flint":1685,"minecraft:tuff":1,"ae2:charged_certus_quartz_crystal":3,"minecraft:lapis_lazuli":1117,"exdeorum:nickel_ore_chunk":934,"minecraft:dirt":42,"mekanism:alloy_reinforced":12,"alltheores:raw_tin":258,"immersiveengineering:hemp_fiber":13,"xycraft_world:xychorium_storage_dark":5,"minecraft:glass":21,"minecraft:bone":50,"minecraft:bow":3,"minecraft:wheat_seeds":28,"minecraft:raw_gold":77,"ftbquests:book":2,"everlastingabilities:ability_totem":3,"minecraft:glowstone_dust":201,"minecraft:bamboo":1,"alltheores:tin_ingot":1,"alltheores:nickel_ore":64,"minecraft:oak_planks":26,"ironfurnaces:iron_furnace":1,"exdeorum:crushed_blackstone":131,"mekanism:metallurgic_infuser":1,"xycraft_world:xychorium_gem_red":127,"alltheores:raw_lead":318,"ae2:certus_quartz_crystal":11,"functionalstorage:void_upgrade":1,"minecraft:poisonous_potato":1,"darkutils:damage_plate_player":3,"exdeorum:flint_mesh":6,"minecraft:sand":2299,"integrateddynamics:squeezer":1,"sophisticatedbackpacks:iron_backpack":1,"minecraft:barrel":1,"xycraft_world:xychorium_gem_dark":110,"exchangers:mekanism_exchanger_core_tier1":1,"mekanism:basic_control_circuit":1,"projecte:repair_talisman":1,"alltheores:raw_nickel":324,"minecraft:bundle":2,"forbidden_arcanus:ender_pearl_fragment":6,"xycraft_world:xychorium_gem_light":115,"minecraft:clay":3,"minecraft:diamond":288,"cobblefordays:tier_2":1,"alltheores:raw_aluminum":353,"alltheores:zinc_ingot":24,"minecraft:bone_meal":222,"exdeorum:copper_ore_chunk":1292,"minecraft:chainmail_helmet":1,"minecraft:emerald":309,"alltheores:aluminum_ingot":11,"minecraft:oak_sapling":20,"minecraft:oak_leaves":5,"minecraft:diamond_pickaxe":3,"exdeorum:gold_ore_chunk":795,"alltheores:steel_ingot":2,"minecraft:charcoal":18,"alltheores:osmium_ingot":15,"minecraft:coarse_dirt":20,"minecraft:chicken":1,"minecraft:turtle_helmet":2,"thermal:cinnabar":21,"mekanism:alloy_infused":1,"exdeorum:blackstone_pebble":686,"exdeorum:string_mesh":1,"exdeorum:granite_pebble":266,"minecraft:wooden_sword":2,"mekanism:pressurized_reaction_chamber":2,"minecraft:white_carpet":6,"reliquary:chelicerae":4,"exdeorum:golden_mesh":10,"exdeorum:iron_mesh":12,"exdeorum:zinc_ore_chunk":857,"minecraft:iron_nugget":38,"exdeorum:compressed_stone_hammer":2,"allthecompressed:cobblestone_1x":4,"minecraft:phantom_membrane":14,"minecraft:egg":14,"minecraft:raw_iron":168,"reliquary:catalyzing_gland":1,"minecraft:stone":1,"reliquary:rib_bone":2,"exdeorum:platinum_ore_chunk":5,"alltheores:raw_zinc":285,"sophisticatedbackpacks:backpack":2,"exdeorum:tuff_pebble":53,"minecraft:carrot":11,"minecraft:redstone":290,"minecraft:prismarine_crystals":11,"create:vertical_gearbox":1,"exdeorum:silk_worm":11,"minecraft:arrow":47,"xycraft_world:xychorium_gem_blue":109,"powah:wrench":1,"ae2:certus_quartz_dust":171,"exdeorum:diorite_pebble":410,"xycraft_world:xychorium_storage_light":6,"exdeorum:andesite_pebble":254,"tombstone:essence_of_undeath":1,"minecraft:gold_ingot":62,"exdeorum:crushed_netherrack":1,"alltheores:raw_osmium":261,"exdeorum:crushed_deepslate":79,"croptopia:avocado_toast":2,"minecraft:white_wool":60,"exdeorum:random_pottery_sherd":1,"minecraft:basalt":2,"rftoolspower:coalgenerator":6,"minecraft:leather":10,"forcecraft:force_gem":278,"minecraft:golden_boots":2,"minecraft:oak_log":26,"exdeorum:compressed_iron_hammer":1,"botania:orange_petal":2,"minecraft:chainmail_chestplate":4,"minecraft:ancient_debris":6,"minecraft:gunpowder":333,"tombstone:gift":1,"mekanism:salt":285,"minecraft:red_carpet":1,"ae2:sky_dust":190,"minecraft:apple":3,"supplementaries:globe_sepia":1,"exdeorum:stone_pebble":1461,"minecraft:iron_ingot":119,"minecraft:iron_ore":4,"allthecompressed:stone_1x":1,"minecraft:iron_sword":2,"dankstorage:dank_1":5,"minecraft:oak_slab":13,"exdeorum:deepslate_pebble":530,"exdeorum:lead_ore_chunk":920,"allthecompressed:gravel_1x":1,"minecraft:gravel":14133,"minecraft:amethyst_shard":604,"forcecraft:recovery_heart":5,"minecraft:gold_ore":183,"exdeorum:silver_ore_chunk":812,"minecraft:spider_eye":29,"mekanismgenerators:wind_generator":12,"forbidden_arcanus:arcane_crystal":128,"exdeorum:aluminum_ore_chunk":844,"immersiveengineering:seed":6,"exdeorum:calcite_pebble":51,"minecraft:iron_helmet":1,"mekanism:fluorite_gem":22,"exdeorum:uranium_ore_chunk":4,"alltheores:raw_silver":281,"minecraft:baked_potato":6,"tombstone:magic_scroll":2,"xycraft_world:xychorium_storage_blue":5,"minecraft:coal":1553,"alltheores:copper_ore_hammer":3,"minecraft:ender_pearl":4},"minecraft:custom":{"minecraft:interact_with_crafting_table":182,"minecraft:open_barrel":4,"minecraft:leave_game":5,"minecraft:time_since_death":622379,"minecraft:damage_resisted":0,"minecraft:sprint_one_cm":400336,"minecraft:drop":511,"minecraft:talked_to_villager":43,"minecraft:play_time":822307,"minecraft:deaths":1,"minecraft:jump":3581,"minecraft:walk_on_water_one_cm":5683,"minecraft:interact_with_furnace":261,"minecraft:traded_with_villager":5,"minecraft:sleep_in_bed":11,"minecraft:damage_dealt":20378,"minecraft:crouch_one_cm":16743,"tombstone:undead_killed":57,"tombstone:villager_killed":5,"minecraft:mob_kills":108,"minecraft:inspect_hopper":1,"minecraft:damage_dealt_resisted":0,"minecraft:walk_one_cm":1124154,"minecraft:sneak_time":19850,"minecraft:walk_under_water_one_cm":444,"minecraft:total_world_time":822307,"tombstone:raider_killed":11,"minecraft:time_since_rest":29738,"minecraft:damage_taken":4937,"tombstone:cast_on_ally":1,"minecraft:fly_one_cm":521067,"minecraft:open_chest":619,"minecraft:fall_one_cm":85784},"minecraft:used":{"minecraft:polished_deepslate":1,"immersiveengineering:seed":2,"minecraft:oak_sign":1,"rftoolspower:coalgenerator":6,"allthecompressed:blackstone_1x":6,"minecraft:iron_sword":45,"minecraft:stone":1,"allthecompressed:cobblestone_1x":1561,"minecraft:farmland":14,"minecraft:carrot":8,"minecraft:tuff":1,"minecraft:obsidian":1,"alltheores:lead_ore":115,"minecraft:lava_bucket":1,"minecraft:copper_ore":57,"mekanismgenerators:wind_generator":13,"summoningrituals:altar":1,"ironfurnaces:iron_furnace":1,"supplementaries:ash":2,"minecraft:furnace":1,"minecraft:oak_sapling":3,"allthecompressed:basalt_1x":2,"minecraft:egg":7,"minecraft:potato":21,"minecraft:diorite":2,"minecraft:stone_pickaxe":10,"minecraft:oak_planks":8,"minecraft:blackstone":75,"minecraft:oak_leaves":5,"minecraft:sand":170,"alltheores:nickel_ore":155,"croptopia:scrambled_eggs":1,"pickletweaks:flint_scythe":161,"sophisticatedbackpacks:backpack":1,"exdeorum:oak_barrel":1,"darkutils:damage_plate_player":4,"mekanism:metallurgic_infuser":3,"croptopia:avocado_toast":6,"minecraft:gravel":12202,"alltheores:aluminum_ore":129,"croptopia:toast":22,"minecraft:diamond_sword":106,"minecraft:wooden_sword":33,"minecraft:andesite":10,"exdeorum:compressed_stone_hammer":332,"create:vertical_gearbox":1,"minecraft:coarse_dirt":5,"minecraft:bone_meal":1,"exdeorum:mycelium_spores":1,"mekanism:enrichment_chamber":1,"minecraft:rose_bush":5,"minecraft:redstone":1,"exdeorum:crook":34,"minecraft:torch":1,"minecraft:dirt":14,"minecraft:ancient_debris":3,"alltheores:silver_ore":125,"alltheores:osmium_ore":91,"exdeorum:silk_worm":1,"mekanism:osmium_compressor":1,"allthecompressed:cobblestone_2x":8,"minecraft:granite":1,"supplementaries:pedestal":1,"supplementaries:globe_sepia":2,"mekanismgenerators:heat_generator":5,"exdeorum:crushed_deepslate":79,"minecraft:barrel":1,"minecraft:bamboo":1,"alltheores:tin_ore":90,"allthecompressed:stone_1x":1,"allthecompressed:diorite_1x":1,"minecraft:basalt":2,"exdeorum:stone_hammer":151,"botania:orange_petal":3,"mekanism:pressurized_reaction_chamber":3,"tombstone:gift":8,"minecraft:cooked_beef":1,"minecraft:cobbled_deepslate":51,"minecraft:pointed_dripstone":8,"minecraft:calcite":11,"exdeorum:compressed_iron_hammer":1790,"minecraft:wheat_seeds":19,"minecraft:water_bucket":2,"minecraft:iron_ore":55,"minecraft:baked_potato":30,"allthecompressed:andesite_1x":1,"minecraft:gold_ore":25,"xycraft_world:xychorium_storage_light":1,"minecraft:oak_slab":2,"minecraft:crafting_table":1,"exdeorum:crushed_blackstone":129,"exdeorum:dust":2234,"minecraft:wooden_hoe":9,"minecraft:diamond_pickaxe":1034,"minecraft:apple":10,"minecraft:chicken":1,"allthecompressed:sand_1x":238,"minecraft:iron_pickaxe":18,"allthecompressed:gravel_1x":255,"mekanism:energized_smelter":1,"allthecompressed:cobbled_deepslate_1x":3,"alltheores:zinc_ore":102,"minecraft:cobblestone":4,"minecraft:bucket":3},"minecraft:mined":{"mekanismgenerators:wind_generator":13,"exdeorum:crushed_deepslate":1,"minecraft:oak_sapling":1,"minecraft:farmland":1,"allthecompressed:cobblestone_2x":8,"minecraft:obsidian":1,"minecraft:granite":1,"minecraft:grass_block":1,"exdeorum:crushed_blackstone":2,"allthecompressed:sand_1x":239,"minecraft:iron_ore":87,"minecraft:cobbled_deepslate":50,"minecraft:pointed_dripstone":5,"minecraft:oak_sign":1,"alltheores:nickel_ore":155,"minecraft:blackstone":75,"ironfurnaces:iron_furnace":2,"allthecompressed:cobbled_deepslate_1x":3,"minecraft:calcite":8,"darkutils:damage_plate_player":3,"minecraft:cobblestone":4,"minecraft:oak_planks":1,"minecraft:wheat":10,"exdeorum:dust":4,"alltheores:tin_ore":90,"minecraft:oak_log":23,"minecraft:sand":1,"minecraft:dirt":4,"allthecompressed:cobblestone_1x":1599,"minecraft:ancient_debris":3,"minecraft:oak_leaves":13,"allthecompressed:blackstone_1x":6,"alltheores:zinc_ore":72,"botania:orange_double_flower":1,"alltheores:osmium_ore":105,"botania:orange_buried_petals":2,"mekanismgenerators:heat_generator":4,"minecraft:redstone_wire":1,"supplementaries:globe_sepia":1,"allthecompressed:diorite_1x":1,"minecraft:furnace":1,"immersiveengineering:hemp":1,"minecraft:andesite":10,"alltheores:lead_ore":115,"rftoolspower:coalgenerator":5,"allthecompressed:andesite_1x":1,"alltheores:silver_ore":125,"alltheores:aluminum_ore":129,"minecraft:stone":1,"minecraft:oak_slab":2,"exdeorum:infested_leaves":48,"minecraft:basalt":2,"allthecompressed:stone_1x":1,"allthecompressed:gravel_1x":256,"minecraft:rose_bush":5,"minecraft:copper_ore":57,"minecraft:tall_grass":1,"mekanism:metallurgic_infuser":1,"minecraft:diorite":2,"mekanism:pressurized_reaction_chamber":2,"minecraft:mycelium":1,"allthecompressed:basalt_1x":2,"minecraft:gravel":28,"minecraft:gold_ore":25},"minecraft:killed":{"minecraft:spider":10,"minecraft:skeleton":13,"minecraft:chicken":1,"minecraft:creeper":20,"minecraft:trader_llama":9,"minecraft:zombie":31,"minecraft:phantom":11,"minecraft:husk":2,"ars_nouveau:drygmy":1,"minecraft:wandering_trader":5,"forcecraft:fairy":1,"minecraft:enderman":2}},"DataVersion":3465}