{"stats":{"minecraft:picked_up":{"exdeorum:mycelium_spores":2,"reliquary:mob_charm_belt":1,"minecraft:wheat":10,"exdeorum:dust":1164,"minecraft:chainmail_boots":1,"allthecompressed:cobblestone_2x":8,"minecraft:lead":10,"allthecompressed:basalt_1x":2,"minecraft:enchanted_book":2,"xycraft_world:xychorium_storage_green":5,"exdeorum:iron_ore_chunk":1479,"forbidden_arcanus:artisan_relic":2,"exdeorum:stone_hammer":4,"exdeorum:grass_seeds":2,"minecraft:string":22,"minecraft:oak_sign":1,"mysticalagriculture:inferium_essence":6,"minecraft:cobbled_deepslate":1,"minecraft:rose_bush":6,"minecraft:calcite":8,"minecraft:iron_pickaxe":2,"xycraft_world:xychorium_gem_green":55,"minecraft:furnace":1,"minecraft:stick":102,"apotheosis:gem":7,"minecraft:torch":1,"powah:book":1,"tombstone:grave_dust":3,"minecraft:pointed_dripstone":150,"minecraft:black_dye":14,"minecraft:rotten_flesh":41,"botania:orange_double_flower":1,"exdeorum:tin_ore_chunk":975,"supplementaries:ash":4,"minecraft:blaze_powder":72,"minecraft:cobblestone":3,"exdeorum:osmium_ore_chunk":569,"exdeorum:crook":1,"exdeorum:basalt_pebble":367,"minecraft:cooked_beef":36,"minecraft:magma_cream":13,"enderio:grains_of_infinity":153,"minecraft:potato":11,"minecraft:flint":1520,"minecraft:tuff":1,"minecraft:lapis_lazuli":924,"minecraft:dirt":42,"exdeorum:nickel_ore_chunk":776,"immersiveengineering:hemp_fiber":13,"minecraft:bone":3,"minecraft:wheat_seeds":28,"minecraft:raw_gold":12,"ftbquests:book":2,"everlastingabilities:ability_totem":2,"minecraft:glowstone_dust":127,"minecraft:bamboo":1,"alltheores:tin_ingot":1,"alltheores:nickel_ore":64,"minecraft:oak_planks":26,"ironfurnaces:iron_furnace":1,"exdeorum:crushed_blackstone":131,"mekanism:metallurgic_infuser":1,"xycraft_world:xychorium_gem_red":70,"ae2:certus_quartz_crystal":1,"minecraft:poisonous_potato":1,"functionalstorage:void_upgrade":1,"darkutils:damage_plate_player":1,"exdeorum:flint_mesh":6,"minecraft:sand":1165,"integrateddynamics:squeezer":1,"xycraft_world:xychorium_gem_dark":70,"minecraft:barrel":1,"forbidden_arcanus:ender_pearl_fragment":1,"xycraft_world:xychorium_gem_light":71,"minecraft:clay":3,"minecraft:diamond":178,"cobblefordays:tier_2":1,"alltheores:zinc_ingot":24,"minecraft:bone_meal":131,"exdeorum:copper_ore_chunk":1137,"minecraft:chainmail_helmet":1,"minecraft:emerald":243,"alltheores:aluminum_ingot":11,"minecraft:oak_sapling":20,"minecraft:oak_leaves":5,"minecraft:diamond_pickaxe":2,"exdeorum:gold_ore_chunk":662,"minecraft:charcoal":18,"minecraft:coarse_dirt":20,"minecraft:chicken":1,"minecraft:turtle_helmet":2,"mekanism:alloy_infused":1,"exdeorum:blackstone_pebble":686,"exdeorum:string_mesh":1,"exdeorum:granite_pebble":258,"minecraft:wooden_sword":2,"minecraft:white_carpet":6,"exdeorum:golden_mesh":10,"exdeorum:iron_mesh":12,"exdeorum:zinc_ore_chunk":694,"minecraft:iron_nugget":3,"exdeorum:compressed_stone_hammer":2,"allthecompressed:cobblestone_1x":1,"minecraft:phantom_membrane":2,"minecraft:egg":6,"minecraft:raw_iron":2,"reliquary:catalyzing_gland":1,"minecraft:stone":1,"exdeorum:platinum_ore_chunk":5,"sophisticatedbackpacks:backpack":1,"exdeorum:tuff_pebble":53,"minecraft:carrot":2,"minecraft:redstone":169,"exdeorum:silk_worm":11,"minecraft:arrow":2,"xycraft_world:xychorium_gem_blue":68,"powah:wrench":1,"ae2:certus_quartz_dust":102,"exdeorum:diorite_pebble":410,"xycraft_world:xychorium_storage_light":6,"tombstone:essence_of_undeath":1,"exdeorum:andesite_pebble":254,"minecraft:gold_ingot":62,"exdeorum:crushed_netherrack":1,"croptopia:avocado_toast":2,"exdeorum:crushed_deepslate":79,"minecraft:white_wool":60,"exdeorum:random_pottery_sherd":1,"minecraft:basalt":2,"rftoolspower:coalgenerator":1,"minecraft:leather":3,"forcecraft:force_gem":145,"minecraft:oak_log":26,"exdeorum:compressed_iron_hammer":1,"botania:orange_petal":2,"minecraft:ancient_debris":6,"minecraft:gunpowder":186,"mekanism:salt":200,"minecraft:red_carpet":1,"ae2:sky_dust":108,"minecraft:apple":3,"supplementaries:globe_sepia":1,"exdeorum:stone_pebble":1461,"minecraft:iron_ingot":20,"allthecompressed:stone_1x":1,"minecraft:iron_sword":2,"dankstorage:dank_1":4,"minecraft:oak_slab":9,"exdeorum:deepslate_pebble":530,"allthecompressed:gravel_1x":1,"exdeorum:lead_ore_chunk":731,"minecraft:gravel":11612,"minecraft:amethyst_shard":469,"forcecraft:recovery_heart":3,"minecraft:gold_ore":183,"exdeorum:silver_ore_chunk":655,"minecraft:spider_eye":1,"forbidden_arcanus:arcane_crystal":92,"exdeorum:aluminum_ore_chunk":675,"immersiveengineering:seed":6,"exdeorum:calcite_pebble":51,"minecraft:iron_helmet":1,"exdeorum:uranium_ore_chunk":4,"tombstone:magic_scroll":1,"xycraft_world:xychorium_storage_blue":5,"minecraft:coal":1430,"minecraft:ender_pearl":2,"alltheores:copper_ore_hammer":3},"minecraft:used":{"minecraft:polished_deepslate":1,"immersiveengineering:seed":2,"minecraft:oak_sign":1,"allthecompressed:blackstone_1x":6,"rftoolspower:coalgenerator":1,"minecraft:stone":1,"minecraft:iron_sword":45,"allthecompressed:cobblestone_1x":1279,"minecraft:farmland":14,"minecraft:carrot":2,"minecraft:tuff":1,"minecraft:lava_bucket":1,"summoningrituals:altar":1,"ironfurnaces:iron_furnace":1,"supplementaries:ash":2,"minecraft:furnace":1,"minecraft:oak_sapling":3,"minecraft:egg":3,"allthecompressed:basalt_1x":2,"minecraft:potato":18,"minecraft:diorite":2,"minecraft:stone_pickaxe":10,"minecraft:oak_planks":8,"minecraft:blackstone":75,"minecraft:oak_leaves":5,"minecraft:sand":26,"croptopia:scrambled_eggs":1,"pickletweaks:flint_scythe":125,"exdeorum:oak_barrel":1,"darkutils:damage_plate_player":2,"mekanism:metallurgic_infuser":2,"croptopia:avocado_toast":6,"minecraft:gravel":10601,"croptopia:toast":20,"minecraft:wooden_sword":33,"minecraft:andesite":10,"exdeorum:compressed_stone_hammer":332,"minecraft:coarse_dirt":5,"minecraft:bone_meal":1,"exdeorum:mycelium_spores":1,"minecraft:rose_bush":5,"exdeorum:crook":34,"minecraft:torch":1,"minecraft:dirt":14,"minecraft:ancient_debris":3,"exdeorum:silk_worm":1,"allthecompressed:cobblestone_2x":8,"minecraft:granite":1,"supplementaries:pedestal":1,"supplementaries:globe_sepia":2,"mekanismgenerators:heat_generator":1,"exdeorum:crushed_deepslate":79,"minecraft:barrel":1,"minecraft:bamboo":1,"allthecompressed:stone_1x":1,"allthecompressed:diorite_1x":1,"minecraft:basalt":2,"exdeorum:stone_hammer":151,"botania:orange_petal":3,"tombstone:gift":4,"minecraft:cooked_beef":1,"minecraft:cobbled_deepslate":51,"minecraft:pointed_dripstone":8,"minecraft:calcite":11,"minecraft:wheat_seeds":19,"exdeorum:compressed_iron_hammer":1272,"minecraft:water_bucket":2,"allthecompressed:andesite_1x":1,"xycraft_world:xychorium_storage_light":1,"minecraft:oak_slab":2,"minecraft:crafting_table":1,"exdeorum:crushed_blackstone":129,"exdeorum:dust":1244,"minecraft:wooden_hoe":9,"minecraft:diamond_pickaxe":41,"minecraft:chicken":1,"allthecompressed:sand_1x":128,"allthecompressed:gravel_1x":129,"minecraft:iron_pickaxe":18,"allthecompressed:cobbled_deepslate_1x":3,"minecraft:cobblestone":4,"minecraft:bucket":3},"minecraft:custom":{"minecraft:interact_with_crafting_table":121,"minecraft:open_barrel":4,"minecraft:leave_game":4,"minecraft:time_since_death":389544,"minecraft:sprint_one_cm":239093,"minecraft:drop":301,"minecraft:talked_to_villager":28,"minecraft:play_time":589472,"minecraft:deaths":1,"minecraft:jump":2075,"minecraft:walk_on_water_one_cm":5521,"minecraft:interact_with_furnace":145,"minecraft:traded_with_villager":4,"minecraft:sleep_in_bed":9,"minecraft:damage_dealt":10356,"minecraft:crouch_one_cm":14207,"tombstone:undead_killed":29,"tombstone:villager_killed":2,"minecraft:mob_kills":59,"minecraft:damage_dealt_resisted":0,"minecraft:walk_one_cm":853437,"minecraft:sneak_time":18511,"minecraft:walk_under_water_one_cm":444,"minecraft:total_world_time":589472,"tombstone:raider_killed":7,"minecraft:time_since_rest":66690,"minecraft:damage_taken":3498,"minecraft:fly_one_cm":203324,"minecraft:open_chest":376,"minecraft:fall_one_cm":42133},"minecraft:dropped":{"exdeorum:basalt_pebble":355,"minecraft:gold_ore":101,"forbidden_arcanus:artisan_relic":2,"minecraft:iron_sword":1,"exdeorum:crushed_blackstone":2,"minecraft:lapis_lazuli":1,"croptopia:avocado_toast":2,"minecraft:cooked_beef":39,"minecraft:oak_log":1,"minecraft:ender_pearl":1,"minecraft:diamond":46,"integrateddynamics:squeezer":1,"exdeorum:copper_ore_chunk":140,"exdeorum:zinc_ore_chunk":6,"minecraft:leather":2,"alltheores:tin_ingot":1,"minecraft:emerald":64,"minecraft:flint":85,"exdeorum:gold_ore_chunk":16,"minecraft:dirt":92,"minecraft:ice":1,"exdeorum:compressed_stone_hammer":3,"minecraft:wooden_sword":2,"exdeorum:crook":1,"exdeorum:granite_pebble":199,"minecraft:phantom_membrane":1,"minecraft:sand":18,"minecraft:iron_pickaxe":1,"exdeorum:lead_ore_chunk":8,"minecraft:gold_ingot":50,"minecraft:bone":8,"xycraft_world:xychorium_gem_light":1,"minecraft:gravel":51,"croptopia:toast":1,"minecraft:cobbled_deepslate":1,"minecraft:wheat":1,"xycraft_world:xychorium_gem_blue":1,"minecraft:pointed_dripstone":132,"exdeorum:compressed_iron_hammer":1,"minecraft:rotten_flesh":27,"minecraft:oak_planks":12,"minecraft:blaze_powder":9,"exdeorum:silver_ore_chunk":8,"exdeorum:crushed_netherrack":1,"cobblefordays:tier_2":1,"supplementaries:ash":2,"minecraft:gunpowder":5,"mysticalagriculture:inferium_essence":1,"immersiveengineering:seed":2,"minecraft:egg":2,"minecraft:water_bucket":1,"minecraft:enchanted_book":4,"minecraft:iron_ingot":80,"minecraft:oak_slab":4,"xycraft_world:xychorium_gem_green":1,"dankstorage:dank_1":3,"minecraft:black_dye":5,"minecraft:wheat_seeds":9,"exdeorum:deepslate_pebble":100,"allthecompressed:cobblestone_1x":30,"exdeorum:mycelium_spores":1,"minecraft:lead":4,"minecraft:cobblestone":35,"minecraft:granite":15,"ironfurnaces:upgrade_iron":1,"exdeorum:iron_ore_chunk":317,"exdeorum:osmium_ore_chunk":5,"minecraft:coal":2,"minecraft:stick":74,"tombstone:magic_scroll":1,"exdeorum:silk_worm":1,"alltheores:copper_ore_hammer":1,"exdeorum:tuff_pebble":2,"alltheores:lead_ingot":4,"mekanism:salt":5,"minecraft:string":17,"exdeorum:stone_pebble":125,"minecraft:redstone":66,"minecraft:polished_deepslate":7,"minecraft:white_carpet":6,"exdeorum:flint_mesh":1,"minecraft:copper_ore":43,"exdeorum:nickel_ore_chunk":7,"minecraft:stone":4,"exdeorum:tin_ore_chunk":5,"minecraft:diamond_pickaxe":3,"exdeorum:aluminum_ore_chunk":13,"minecraft:howl_pottery_sherd":1,"ae2:certus_quartz_dust":1,"minecraft:oak_sapling":2,"exdeorum:diorite_pebble":199,"alltheores:nickel_ore":64,"minecraft:barrel":1,"exdeorum:andesite_pebble":244,"exdeorum:blackstone_pebble":177,"minecraft:stone_pickaxe":1,"minecraft:raw_gold":6,"minecraft:magma_cream":1,"exdeorum:stone_hammer":5},"minecraft:crafted":{"minecraft:farmland":14,"minecraft:smooth_stone":21,"minecraft:oak_planks":43,"minecraft:barrel":1,"exdeorum:iron_hammer":9,"mekanism:configurator":1,"allthecompressed:basalt_1x":2,"forbidden_arcanus:artisan_relic":1,"alltheores:lead_ingot":4,"minecraft:sand":3,"alltheores:silver_ore":162,"croptopia:toast":8,"minecraft:stone":53,"mekanismgenerators:heat_generator":1,"allthecompressed:cobbled_deepslate_1x":3,"alltheores:osmium_ore":141,"minecraft:granite":32,"alltheores:tin_ingot":131,"alltheores:aluminum_ore":164,"alltheores:nickel_ore":192,"alltheores:zinc_ingot":3,"allthecompressed:sand_1x":129,"alltheores:steel_dust":12,"exdeorum:stone_hammer":11,"mekanism:energy_tablet":2,"minecraft:oak_slab":6,"exdeorum:oak_barrel":1,"minecraft:crafting_table":1,"minecraft:gold_ore":162,"minecraft:gravel":2,"minecraft:copper_ingot":57,"minecraft:diorite":70,"alltheores:lead_ore":181,"ae2:tiny_tnt":1,"minecraft:diamond_pickaxe":4,"minecraft:stick":13,"minecraft:iron_ingot":342,"minecraft:iron_ore":290,"minecraft:gold_ingot":103,"exdeorum:oak_sieve":1,"minecraft:coarse_dirt":6,"pickletweaks:flint_leggings":1,"exchangers:mekanism_exchanger_core_tier1":1,"allthecompressed:stone_1x":1,"minecraft:cobbled_deepslate":93,"minecraft:furnace":3,"exdeorum:diamond_mesh":12,"allthecompressed:cobblestone_1x":1369,"darkutils:damage_plate_player":1,"allthecompressed:gravel_1x":128,"minecraft:basalt":21,"alltheores:tin_ore":242,"minecraft:polished_deepslate":2,"allthecompressed:diorite_1x":1,"minecraft:stone_pickaxe":1,"allthecompressed:andesite_1x":1,"alltheores:steel_ingot":0,"minecraft:netherite_scrap":3,"exdeorum:iron_mesh":5,"dankstorage:dank_1":1,"minecraft:tuff":8,"exdeorum:golden_mesh":12,"supplementaries:globe_sepia":1,"summoningrituals:altar":1,"alltheores:osmium_ingot":51,"mekanism:metallurgic_infuser":1,"alltheores:zinc_ore":172,"minecraft:calcite":12,"pickletweaks:flint_shears":1,"pickletweaks:flint_scythe":1,"exdeorum:compressed_stone_hammer":1,"minecraft:copper_ore":250,"minecraft:bucket":1,"minecraft:air":4632,"exdeorum:crook":1,"exdeorum:compressed_iron_hammer":8,"minecraft:cobblestone":345,"pickletweaks:flint_boots":1,"pickletweaks:flint_chestplate":1,"minecraft:blackstone":134,"allthecompressed:cobblestone_2x":7,"alltheores:iron_dust":12,"pickletweaks:flint_helmet":1,"allthecompressed:blackstone_1x":6,"minecraft:andesite":19},"minecraft:mined":{"exdeorum:crushed_deepslate":1,"minecraft:oak_sapling":1,"minecraft:farmland":1,"allthecompressed:cobblestone_2x":8,"minecraft:granite":1,"minecraft:grass_block":1,"exdeorum:crushed_blackstone":2,"allthecompressed:sand_1x":129,"minecraft:cobbled_deepslate":50,"minecraft:pointed_dripstone":5,"minecraft:oak_sign":1,"minecraft:blackstone":75,"ironfurnaces:iron_furnace":2,"allthecompressed:cobbled_deepslate_1x":3,"minecraft:calcite":8,"darkutils:damage_plate_player":1,"minecraft:cobblestone":4,"minecraft:oak_planks":1,"minecraft:wheat":10,"exdeorum:dust":4,"minecraft:oak_log":23,"minecraft:sand":1,"minecraft:dirt":4,"allthecompressed:cobblestone_1x":1316,"minecraft:ancient_debris":3,"minecraft:oak_leaves":13,"allthecompressed:blackstone_1x":6,"botania:orange_double_flower":1,"botania:orange_buried_petals":2,"supplementaries:globe_sepia":1,"minecraft:furnace":1,"allthecompressed:diorite_1x":1,"immersiveengineering:hemp":1,"minecraft:andesite":10,"allthecompressed:andesite_1x":1,"minecraft:stone":1,"minecraft:oak_slab":1,"exdeorum:infested_leaves":48,"minecraft:basalt":2,"allthecompressed:stone_1x":1,"allthecompressed:gravel_1x":130,"minecraft:rose_bush":5,"minecraft:tall_grass":1,"mekanism:metallurgic_infuser":1,"minecraft:diorite":2,"minecraft:mycelium":1,"allthecompressed:basalt_1x":2,"minecraft:gravel":24},"minecraft:killed":{"minecraft:spider":7,"minecraft:skeleton":5,"minecraft:chicken":1,"minecraft:creeper":13,"minecraft:trader_llama":5,"minecraft:zombie":17,"minecraft:phantom":7,"minecraft:wandering_trader":2,"minecraft:enderman":1}},"DataVersion":3465}