{"stats":{"minecraft:crafted":{"minecraft:coarse_dirt":6,"minecraft:farmland":14,"minecraft:smooth_stone":21,"minecraft:oak_planks":25,"minecraft:barrel":1,"exdeorum:iron_hammer":9,"allthecompressed:stone_1x":1,"allthecompressed:basalt_1x":2,"minecraft:cobbled_deepslate":47,"minecraft:sand":3,"minecraft:furnace":1,"alltheores:silver_ore":80,"croptopia:toast":8,"minecraft:stone":53,"allthecompressed:cobblestone_1x":845,"allthecompressed:cobbled_deepslate_1x":3,"alltheores:osmium_ore":70,"minecraft:granite":32,"alltheores:tin_ingot":67,"minecraft:basalt":21,"alltheores:tin_ore":132,"minecraft:polished_deepslate":2,"alltheores:aluminum_ore":66,"alltheores:nickel_ore":66,"minecraft:stone_pickaxe":1,"allthecompressed:sand_1x":1,"allthecompressed:andesite_1x":1,"allthecompressed:diorite_1x":1,"exdeorum:stone_hammer":10,"exdeorum:iron_mesh":5,"dankstorage:dank_1":1,"minecraft:tuff":8,"minecraft:oak_slab":6,"exdeorum:oak_barrel":1,"minecraft:crafting_table":1,"alltheores:zinc_ore":84,"minecraft:calcite":12,"minecraft:gold_ore":83,"pickletweaks:flint_shears":1,"minecraft:gravel":2,"minecraft:copper_ingot":10,"exdeorum:compressed_stone_hammer":1,"minecraft:copper_ore":146,"minecraft:bucket":1,"minecraft:diorite":14,"minecraft:air":2575,"alltheores:lead_ore":66,"exdeorum:crook":1,"ae2:tiny_tnt":1,"exdeorum:compressed_iron_hammer":4,"minecraft:cobblestone":345,"minecraft:stick":6,"minecraft:iron_ingot":231,"minecraft:blackstone":55,"allthecompressed:cobblestone_2x":7,"minecraft:iron_ore":201,"minecraft:gold_ingot":39,"exdeorum:oak_sieve":1,"allthecompressed:blackstone_1x":2,"minecraft:andesite":19},"minecraft:picked_up":{"exdeorum:gold_ore_chunk":387,"minecraft:charcoal":8,"minecraft:coarse_dirt":20,"minecraft:wheat":10,"exdeorum:dust":12,"allthecompressed:cobblestone_2x":8,"minecraft:lead":1,"allthecompressed:basalt_1x":2,"minecraft:enchanted_book":1,"exdeorum:iron_ore_chunk":979,"xycraft_world:xychorium_storage_green":5,"exdeorum:stone_hammer":4,"exdeorum:blackstone_pebble":408,"minecraft:string":18,"exdeorum:granite_pebble":258,"exdeorum:string_mesh":1,"minecraft:wooden_sword":2,"minecraft:oak_sign":1,"minecraft:cobbled_deepslate":1,"exdeorum:zinc_ore_chunk":413,"minecraft:rose_bush":6,"minecraft:calcite":8,"minecraft:iron_nugget":3,"minecraft:iron_pickaxe":1,"exdeorum:compressed_stone_hammer":2,"allthecompressed:cobblestone_1x":1,"xycraft_world:xychorium_gem_green":2,"minecraft:phantom_membrane":2,"minecraft:stick":101,"minecraft:raw_iron":2,"minecraft:stone":1,"exdeorum:platinum_ore_chunk":1,"minecraft:torch":1,"sophisticatedbackpacks:backpack":1,"powah:book":1,"exdeorum:tuff_pebble":53,"tombstone:grave_dust":2,"minecraft:pointed_dripstone":150,"minecraft:redstone":3,"minecraft:black_dye":14,"exdeorum:silk_worm":11,"botania:orange_double_flower":1,"xycraft_world:xychorium_gem_blue":3,"powah:wrench":1,"ae2:certus_quartz_dust":6,"exdeorum:diorite_pebble":409,"xycraft_world:xychorium_storage_light":6,"exdeorum:tin_ore_chunk":624,"minecraft:gold_ingot":18,"exdeorum:andesite_pebble":252,"supplementaries:ash":1,"exdeorum:crushed_deepslate":33,"minecraft:blaze_powder":6,"exdeorum:crook":1,"exdeorum:osmium_ore_chunk":321,"exdeorum:random_pottery_sherd":1,"minecraft:cooked_beef":36,"exdeorum:basalt_pebble":367,"minecraft:basalt":2,"minecraft:magma_cream":3,"rftoolspower:coalgenerator":1,"enderio:grains_of_infinity":3,"minecraft:flint":1227,"exdeorum:compressed_iron_hammer":1,"minecraft:tuff":1,"botania:orange_petal":2,"minecraft:oak_log":22,"minecraft:ancient_debris":1,"minecraft:gunpowder":8,"minecraft:lapis_lazuli":561,"exdeorum:nickel_ore_chunk":484,"minecraft:dirt":31,"immersiveengineering:hemp_fiber":13,"ae2:sky_dust":9,"minecraft:bone":1,"minecraft:apple":3,"minecraft:wheat_seeds":28,"exdeorum:stone_pebble":1408,"minecraft:iron_ingot":20,"allthecompressed:stone_1x":1,"minecraft:glowstone_dust":5,"alltheores:tin_ingot":1,"minecraft:iron_sword":1,"minecraft:oak_planks":24,"dankstorage:dank_1":4,"exdeorum:crushed_blackstone":52,"minecraft:oak_slab":7,"exdeorum:deepslate_pebble":328,"exdeorum:lead_ore_chunk":413,"allthecompressed:gravel_1x":1,"ae2:certus_quartz_crystal":1,"minecraft:gravel":6929,"exdeorum:flint_mesh":6,"minecraft:sand":13,"minecraft:amethyst_shard":276,"integrateddynamics:squeezer":1,"minecraft:gold_ore":19,"forcecraft:recovery_heart":1,"exdeorum:silver_ore_chunk":382,"minecraft:barrel":1,"xycraft_world:xychorium_gem_light":5,"minecraft:clay":3,"exdeorum:aluminum_ore_chunk":414,"immersiveengineering:seed":6,"minecraft:diamond":59,"cobblefordays:tier_2":1,"exdeorum:calcite_pebble":51,"exdeorum:uranium_ore_chunk":1,"minecraft:bone_meal":7,"exdeorum:copper_ore_chunk":842,"minecraft:emerald":74,"xycraft_world:xychorium_storage_blue":5,"minecraft:oak_sapling":20,"minecraft:coal":996,"minecraft:oak_leaves":5,"alltheores:copper_ore_hammer":3},"minecraft:mined":{"allthecompressed:blackstone_1x":2,"exdeorum:crushed_deepslate":1,"minecraft:oak_sapling":1,"minecraft:farmland":1,"botania:orange_double_flower":1,"botania:orange_buried_petals":2,"allthecompressed:cobblestone_2x":8,"minecraft:granite":1,"minecraft:grass_block":1,"exdeorum:crushed_blackstone":2,"allthecompressed:sand_1x":1,"allthecompressed:diorite_1x":1,"immersiveengineering:hemp":1,"minecraft:cobbled_deepslate":4,"minecraft:andesite":10,"minecraft:pointed_dripstone":5,"minecraft:oak_sign":1,"allthecompressed:andesite_1x":1,"minecraft:stone":1,"minecraft:blackstone":32,"exdeorum:infested_leaves":48,"minecraft:basalt":2,"allthecompressed:stone_1x":1,"allthecompressed:cobbled_deepslate_1x":3,"allthecompressed:gravel_1x":2,"minecraft:calcite":8,"minecraft:rose_bush":5,"minecraft:tall_grass":1,"minecraft:cobblestone":1,"minecraft:diorite":1,"minecraft:wheat":10,"exdeorum:dust":4,"minecraft:oak_log":23,"allthecompressed:basalt_1x":2,"minecraft:gravel":12,"minecraft:sand":1,"minecraft:dirt":4,"allthecompressed:cobblestone_1x":784,"minecraft:oak_leaves":13},"minecraft:killed":{"minecraft:phantom":7},"minecraft:used":{"minecraft:rose_bush":5,"minecraft:polished_deepslate":1,"rftoolspower:coalgenerator":1,"immersiveengineering:seed":2,"minecraft:oak_sign":1,"allthecompressed:blackstone_1x":2,"minecraft:iron_sword":44,"minecraft:stone":1,"exdeorum:crook":34,"allthecompressed:cobblestone_1x":784,"minecraft:farmland":14,"minecraft:torch":1,"minecraft:dirt":3,"minecraft:ancient_debris":1,"exdeorum:silk_worm":1,"minecraft:tuff":1,"minecraft:granite":1,"allthecompressed:cobblestone_2x":8,"minecraft:lava_bucket":1,"exdeorum:crushed_deepslate":33,"minecraft:barrel":1,"allthecompressed:diorite_1x":1,"allthecompressed:stone_1x":1,"minecraft:basalt":2,"exdeorum:stone_hammer":61,"minecraft:furnace":1,"minecraft:oak_sapling":3,"botania:orange_petal":3,"allthecompressed:basalt_1x":2,"tombstone:gift":2,"minecraft:cooked_beef":1,"minecraft:cobbled_deepslate":5,"minecraft:pointed_dripstone":8,"minecraft:calcite":11,"exdeorum:compressed_iron_hammer":480,"minecraft:wheat_seeds":19,"minecraft:water_bucket":1,"minecraft:diorite":1,"minecraft:stone_pickaxe":10,"minecraft:blackstone":32,"allthecompressed:andesite_1x":1,"minecraft:oak_leaves":5,"minecraft:sand":26,"xycraft_world:xychorium_storage_light":1,"minecraft:crafting_table":1,"exdeorum:crushed_blackstone":50,"croptopia:scrambled_eggs":1,"exdeorum:dust":60,"minecraft:wooden_hoe":9,"exdeorum:oak_barrel":1,"minecraft:iron_pickaxe":17,"allthecompressed:gravel_1x":1,"minecraft:gravel":7018,"croptopia:toast":15,"minecraft:wooden_sword":33,"allthecompressed:cobbled_deepslate_1x":3,"minecraft:cobblestone":2,"minecraft:bucket":1,"minecraft:andesite":10,"exdeorum:compressed_stone_hammer":332,"minecraft:coarse_dirt":5,"minecraft:bone_meal":1},"minecraft:custom":{"minecraft:mob_kills":7,"minecraft:interact_with_crafting_table":91,"minecraft:open_barrel":1,"minecraft:leave_game":2,"minecraft:time_since_death":134163,"minecraft:sprint_one_cm":41170,"minecraft:walk_one_cm":486251,"minecraft:drop":195,"minecraft:talked_to_villager":12,"minecraft:play_time":334091,"minecraft:deaths":1,"minecraft:sneak_time":16697,"minecraft:jump":1278,"minecraft:walk_on_water_one_cm":5022,"minecraft:total_world_time":334091,"minecraft:interact_with_furnace":100,"tombstone:raider_killed":7,"minecraft:sleep_in_bed":3,"minecraft:time_since_rest":133683,"minecraft:damage_taken":2320,"minecraft:damage_dealt":2188,"minecraft:fly_one_cm":42815,"minecraft:open_chest":200,"minecraft:crouch_one_cm":9562,"tombstone:undead_killed":7,"minecraft:fall_one_cm":32925},"minecraft:dropped":{"minecraft:enchanted_book":2,"minecraft:water_bucket":1,"minecraft:gold_ore":19,"minecraft:black_dye":5,"minecraft:oak_slab":4,"exdeorum:crushed_blackstone":2,"minecraft:wheat_seeds":9,"minecraft:lapis_lazuli":1,"exdeorum:deepslate_pebble":35,"minecraft:cooked_beef":39,"minecraft:oak_log":1,"integrateddynamics:squeezer":1,"exdeorum:zinc_ore_chunk":1,"exdeorum:copper_ore_chunk":137,"minecraft:cobblestone":34,"minecraft:granite":15,"exdeorum:iron_ore_chunk":3,"minecraft:coal":2,"alltheores:tin_ingot":1,"minecraft:stick":71,"minecraft:flint":21,"exdeorum:gold_ore_chunk":2,"minecraft:dirt":36,"minecraft:ice":1,"exdeorum:silk_worm":1,"exdeorum:compressed_stone_hammer":3,"alltheores:copper_ore_hammer":1,"exdeorum:granite_pebble":199,"exdeorum:tuff_pebble":2,"minecraft:wooden_sword":2,"exdeorum:crook":1,"minecraft:phantom_membrane":1,"minecraft:sand":18,"minecraft:iron_pickaxe":1,"minecraft:string":13,"exdeorum:stone_pebble":72,"exdeorum:lead_ore_chunk":1,"minecraft:gold_ingot":18,"minecraft:bone":1,"minecraft:polished_deepslate":7,"minecraft:redstone":2,"xycraft_world:xychorium_gem_light":1,"minecraft:gravel":50,"croptopia:toast":1,"minecraft:cobbled_deepslate":1,"xycraft_world:xychorium_gem_blue":1,"minecraft:wheat":1,"minecraft:pointed_dripstone":132,"exdeorum:compressed_iron_hammer":1,"minecraft:oak_planks":12,"exdeorum:flint_mesh":1,"minecraft:blaze_powder":3,"exdeorum:silver_ore_chunk":1,"minecraft:copper_ore":43,"cobblefordays:tier_2":1,"supplementaries:ash":1,"exdeorum:nickel_ore_chunk":5,"minecraft:stone":4,"exdeorum:tin_ore_chunk":3,"minecraft:howl_pottery_sherd":1,"minecraft:oak_sapling":2,"exdeorum:andesite_pebble":242,"exdeorum:blackstone_pebble":30,"minecraft:stone_pickaxe":1,"minecraft:barrel":1,"exdeorum:diorite_pebble":196,"minecraft:magma_cream":1,"immersiveengineering:seed":2,"xycraft_world:xychorium_gem_green":1,"dankstorage:dank_1":2,"minecraft:iron_ingot":50,"exdeorum:basalt_pebble":38,"exdeorum:stone_hammer":5}},"DataVersion":3465}