{"stats":{"minecraft:picked_up":{"exdeorum:crook":1,"minecraft:coarse_dirt":20,"minecraft:wheat":7,"exdeorum:basalt_pebble":45,"minecraft:cooked_beef":36,"exdeorum:dust":3,"enderio:grains_of_infinity":1,"minecraft:oak_log":22,"botania:orange_petal":1,"exdeorum:stone_hammer":3,"exdeorum:blackstone_pebble":26,"minecraft:string":18,"minecraft:dirt":30,"exdeorum:granite_pebble":47,"ae2:sky_dust":1,"minecraft:oak_sign":1,"minecraft:apple":2,"minecraft:wheat_seeds":17,"exdeorum:stone_pebble":247,"minecraft:rose_bush":5,"minecraft:iron_nugget":1,"exdeorum:compressed_stone_hammer":1,"allthecompressed:cobblestone_1x":1,"exdeorum:crushed_blackstone":4,"minecraft:stick":50,"exdeorum:deepslate_pebble":49,"allthecompressed:gravel_1x":1,"minecraft:gravel":22,"minecraft:sand":3,"exdeorum:diorite_pebble":43,"minecraft:bone_meal":1,"exdeorum:andesite_pebble":39,"minecraft:oak_sapling":6,"exdeorum:osmium_ore_chunk":1},"minecraft:dropped":{"minecraft:enchanted_book":1,"exdeorum:basalt_pebble":38,"exdeorum:crushed_blackstone":2,"croptopia:toast":1,"minecraft:cooked_beef":39,"minecraft:oak_log":1,"exdeorum:deepslate_pebble":29,"minecraft:cobblestone":13,"minecraft:stick":36,"minecraft:dirt":36,"exdeorum:compressed_stone_hammer":1,"exdeorum:diorite_pebble":34,"exdeorum:crook":1,"exdeorum:granite_pebble":48,"minecraft:sand":18,"exdeorum:blackstone_pebble":27,"exdeorum:andesite_pebble":21,"minecraft:string":13,"exdeorum:stone_pebble":26,"exdeorum:stone_hammer":4,"minecraft:gravel":6},"minecraft:mined":{"minecraft:oak_sapling":1,"minecraft:farmland":1,"minecraft:blackstone":2,"exdeorum:infested_leaves":40,"botania:orange_buried_petals":1,"allthecompressed:gravel_1x":1,"minecraft:grass_block":1,"minecraft:rose_bush":5,"exdeorum:crushed_blackstone":2,"minecraft:wheat":7,"exdeorum:dust":4,"minecraft:oak_log":23,"minecraft:oak_sign":1,"minecraft:sand":1,"minecraft:gravel":4,"minecraft:dirt":3,"allthecompressed:cobblestone_1x":4,"minecraft:oak_leaves":2},"minecraft:crafted":{"minecraft:coarse_dirt":6,"minecraft:farmland":14,"minecraft:oak_slab":6,"minecraft:oak_planks":25,"exdeorum:oak_barrel":1,"minecraft:crafting_table":1,"minecraft:gravel":2,"minecraft:cobbled_deepslate":3,"minecraft:sand":3,"minecraft:furnace":1,"croptopia:toast":1,"exdeorum:compressed_stone_hammer":1,"allthecompressed:cobblestone_1x":2,"minecraft:air":211,"exdeorum:crook":1,"minecraft:cobblestone":58,"minecraft:blackstone":2,"allthecompressed:sand_1x":1,"minecraft:stone_pickaxe":1,"minecraft:andesite":3,"exdeorum:stone_hammer":10},"minecraft:custom":{"minecraft:interact_with_furnace":5,"minecraft:interact_with_crafting_table":36,"minecraft:leave_game":1,"minecraft:time_since_death":53652,"minecraft:time_since_rest":53652,"minecraft:sprint_one_cm":1850,"minecraft:damage_taken":50,"minecraft:walk_one_cm":63481,"minecraft:drop":29,"minecraft:damage_dealt":479,"minecraft:talked_to_villager":1,"minecraft:fly_one_cm":936,"minecraft:open_chest":67,"minecraft:crouch_one_cm":4621,"minecraft:play_time":53652,"minecraft:sneak_time":3746,"minecraft:jump":37,"minecraft:total_world_time":53652,"minecraft:fall_one_cm":836},"minecraft:used":{"minecraft:wheat_seeds":18,"minecraft:water_bucket":1,"minecraft:rose_bush":4,"minecraft:stone_pickaxe":2,"minecraft:blackstone":2,"minecraft:oak_sign":1,"exdeorum:crook":33,"allthecompressed:cobblestone_1x":4,"minecraft:farmland":14,"minecraft:sand":6,"minecraft:dirt":2,"minecraft:crafting_table":1,"exdeorum:crushed_blackstone":2,"exdeorum:dust":6,"exdeorum:oak_barrel":1,"minecraft:wooden_hoe":9,"minecraft:lava_bucket":1,"allthecompressed:gravel_1x":1,"minecraft:gravel":4,"exdeorum:stone_hammer":5,"minecraft:cobblestone":1,"minecraft:furnace":1,"botania:orange_petal":1,"minecraft:oak_sapling":3,"minecraft:bucket":1,"exdeorum:compressed_stone_hammer":20,"minecraft:cooked_beef":1,"minecraft:coarse_dirt":5}},"DataVersion":3465}