{"stats":{"minecraft:picked_up":{"exdeorum:mycelium_spores":2,"minecraft:wheat":10,"exdeorum:dust":12,"minecraft:chainmail_boots":1,"allthecompressed:cobblestone_2x":8,"minecraft:lead":3,"allthecompressed:basalt_1x":2,"minecraft:enchanted_book":2,"xycraft_world:xychorium_storage_green":5,"exdeorum:iron_ore_chunk":1479,"forbidden_arcanus:artisan_relic":2,"exdeorum:stone_hammer":4,"exdeorum:grass_seeds":2,"minecraft:string":20,"minecraft:oak_sign":1,"mysticalagriculture:inferium_essence":1,"minecraft:cobbled_deepslate":1,"minecraft:rose_bush":6,"minecraft:calcite":8,"minecraft:iron_pickaxe":1,"xycraft_world:xychorium_gem_green":4,"minecraft:stick":102,"apotheosis:gem":3,"minecraft:torch":1,"powah:book":1,"tombstone:grave_dust":2,"minecraft:pointed_dripstone":150,"minecraft:black_dye":14,"botania:orange_double_flower":1,"exdeorum:tin_ore_chunk":975,"supplementaries:ash":4,"minecraft:blaze_powder":6,"minecraft:cobblestone":1,"exdeorum:osmium_ore_chunk":566,"exdeorum:crook":1,"exdeorum:basalt_pebble":367,"minecraft:cooked_beef":36,"minecraft:magma_cream":13,"enderio:grains_of_infinity":6,"minecraft:potato":1,"minecraft:flint":1520,"minecraft:tuff":1,"minecraft:lapis_lazuli":924,"minecraft:dirt":42,"exdeorum:nickel_ore_chunk":775,"immersiveengineering:hemp_fiber":13,"minecraft:bone":1,"minecraft:wheat_seeds":28,"minecraft:raw_gold":12,"ftbquests:book":2,"everlastingabilities:ability_totem":1,"minecraft:glowstone_dust":7,"minecraft:bamboo":1,"alltheores:tin_ingot":1,"minecraft:oak_planks":24,"ironfurnaces:iron_furnace":1,"exdeorum:crushed_blackstone":131,"xycraft_world:xychorium_gem_red":2,"ae2:certus_quartz_crystal":1,"functionalstorage:void_upgrade":1,"darkutils:damage_plate_player":1,"exdeorum:flint_mesh":6,"minecraft:sand":1165,"integrateddynamics:squeezer":1,"xycraft_world:xychorium_gem_dark":2,"minecraft:barrel":1,"xycraft_world:xychorium_gem_light":7,"minecraft:clay":3,"minecraft:diamond":178,"cobblefordays:tier_2":1,"alltheores:zinc_ingot":24,"minecraft:bone_meal":10,"exdeorum:copper_ore_chunk":1137,"minecraft:emerald":179,"minecraft:oak_sapling":20,"minecraft:oak_leaves":5,"exdeorum:gold_ore_chunk":660,"minecraft:charcoal":8,"minecraft:coarse_dirt":20,"minecraft:turtle_helmet":1,"mekanism:alloy_infused":1,"exdeorum:blackstone_pebble":684,"exdeorum:string_mesh":1,"exdeorum:granite_pebble":258,"minecraft:wooden_sword":2,"minecraft:white_carpet":6,"exdeorum:golden_mesh":10,"exdeorum:iron_mesh":12,"exdeorum:zinc_ore_chunk":691,"minecraft:iron_nugget":3,"exdeorum:compressed_stone_hammer":2,"allthecompressed:cobblestone_1x":1,"minecraft:phantom_membrane":2,"minecraft:egg":1,"minecraft:raw_iron":2,"minecraft:stone":1,"exdeorum:platinum_ore_chunk":5,"sophisticatedbackpacks:backpack":1,"exdeorum:tuff_pebble":53,"minecraft:carrot":2,"minecraft:redstone":7,"exdeorum:silk_worm":11,"xycraft_world:xychorium_gem_blue":3,"powah:wrench":1,"ae2:certus_quartz_dust":8,"exdeorum:diorite_pebble":410,"xycraft_world:xychorium_storage_light":6,"exdeorum:andesite_pebble":252,"minecraft:gold_ingot":62,"exdeorum:crushed_deepslate":79,"minecraft:white_wool":60,"exdeorum:random_pottery_sherd":1,"minecraft:basalt":2,"rftoolspower:coalgenerator":1,"minecraft:leather":2,"forcecraft:force_gem":4,"minecraft:oak_log":22,"exdeorum:compressed_iron_hammer":1,"botania:orange_petal":2,"minecraft:ancient_debris":6,"minecraft:gunpowder":19,"mekanism:salt":10,"minecraft:red_carpet":1,"ae2:sky_dust":13,"minecraft:apple":3,"exdeorum:stone_pebble":1461,"minecraft:iron_ingot":20,"allthecompressed:stone_1x":1,"minecraft:iron_sword":2,"dankstorage:dank_1":4,"minecraft:oak_slab":7,"exdeorum:deepslate_pebble":529,"allthecompressed:gravel_1x":1,"exdeorum:lead_ore_chunk":727,"minecraft:gravel":11612,"minecraft:amethyst_shard":469,"forcecraft:recovery_heart":1,"minecraft:gold_ore":19,"exdeorum:silver_ore_chunk":651,"forbidden_arcanus:arcane_crystal":1,"exdeorum:aluminum_ore_chunk":668,"immersiveengineering:seed":6,"exdeorum:calcite_pebble":51,"exdeorum:uranium_ore_chunk":4,"xycraft_world:xychorium_storage_blue":5,"minecraft:coal":1397,"alltheores:copper_ore_hammer":3},"minecraft:used":{"minecraft:polished_deepslate":1,"immersiveengineering:seed":2,"minecraft:oak_sign":1,"allthecompressed:blackstone_1x":6,"rftoolspower:coalgenerator":1,"minecraft:stone":1,"minecraft:iron_sword":44,"allthecompressed:cobblestone_1x":1279,"minecraft:farmland":14,"minecraft:carrot":2,"minecraft:tuff":1,"minecraft:lava_bucket":1,"summoningrituals:altar":1,"ironfurnaces:iron_furnace":1,"supplementaries:ash":2,"minecraft:furnace":1,"minecraft:oak_sapling":3,"minecraft:egg":1,"allthecompressed:basalt_1x":2,"minecraft:potato":1,"minecraft:diorite":2,"minecraft:stone_pickaxe":10,"minecraft:blackstone":75,"minecraft:oak_leaves":5,"minecraft:sand":26,"croptopia:scrambled_eggs":1,"pickletweaks:flint_scythe":41,"exdeorum:oak_barrel":1,"darkutils:damage_plate_player":2,"mekanism:metallurgic_infuser":1,"croptopia:avocado_toast":1,"minecraft:gravel":10601,"croptopia:toast":20,"minecraft:wooden_sword":33,"minecraft:andesite":10,"exdeorum:compressed_stone_hammer":332,"minecraft:coarse_dirt":5,"minecraft:bone_meal":1,"exdeorum:mycelium_spores":1,"minecraft:rose_bush":5,"exdeorum:crook":34,"minecraft:torch":1,"minecraft:dirt":14,"minecraft:ancient_debris":3,"exdeorum:silk_worm":1,"allthecompressed:cobblestone_2x":8,"minecraft:granite":1,"exdeorum:crushed_deepslate":79,"minecraft:barrel":1,"minecraft:bamboo":1,"allthecompressed:stone_1x":1,"allthecompressed:diorite_1x":1,"minecraft:basalt":2,"exdeorum:stone_hammer":151,"botania:orange_petal":3,"tombstone:gift":4,"minecraft:cooked_beef":1,"minecraft:cobbled_deepslate":51,"minecraft:pointed_dripstone":8,"minecraft:calcite":11,"minecraft:wheat_seeds":19,"exdeorum:compressed_iron_hammer":1144,"minecraft:water_bucket":1,"allthecompressed:andesite_1x":1,"xycraft_world:xychorium_storage_light":1,"minecraft:crafting_table":1,"exdeorum:crushed_blackstone":129,"exdeorum:dust":92,"minecraft:wooden_hoe":9,"minecraft:diamond_pickaxe":6,"allthecompressed:sand_1x":111,"allthecompressed:gravel_1x":129,"minecraft:iron_pickaxe":17,"allthecompressed:cobbled_deepslate_1x":3,"minecraft:cobblestone":3,"minecraft:bucket":1},"minecraft:custom":{"minecraft:interact_with_crafting_table":110,"minecraft:open_barrel":3,"minecraft:leave_game":4,"minecraft:time_since_death":281544,"minecraft:sprint_one_cm":159993,"minecraft:drop":259,"minecraft:talked_to_villager":19,"minecraft:play_time":481472,"minecraft:deaths":1,"minecraft:jump":1743,"minecraft:walk_on_water_one_cm":5084,"minecraft:interact_with_furnace":129,"minecraft:traded_with_villager":2,"minecraft:sleep_in_bed":8,"minecraft:damage_dealt":3992,"minecraft:crouch_one_cm":11836,"tombstone:undead_killed":11,"minecraft:mob_kills":18,"minecraft:walk_one_cm":733448,"minecraft:sneak_time":18023,"minecraft:total_world_time":481472,"tombstone:raider_killed":7,"minecraft:time_since_rest":42208,"minecraft:damage_taken":2684,"minecraft:fly_one_cm":111632,"minecraft:open_chest":264,"minecraft:fall_one_cm":41506},"minecraft:dropped":{"exdeorum:basalt_pebble":355,"minecraft:gold_ore":19,"forbidden_arcanus:artisan_relic":2,"minecraft:iron_sword":1,"exdeorum:crushed_blackstone":2,"minecraft:lapis_lazuli":1,"minecraft:cooked_beef":39,"minecraft:oak_log":1,"minecraft:diamond":46,"integrateddynamics:squeezer":1,"exdeorum:copper_ore_chunk":140,"exdeorum:zinc_ore_chunk":3,"minecraft:leather":2,"alltheores:tin_ingot":1,"minecraft:flint":85,"exdeorum:gold_ore_chunk":2,"minecraft:dirt":36,"minecraft:ice":1,"exdeorum:compressed_stone_hammer":3,"minecraft:wooden_sword":2,"exdeorum:crook":1,"exdeorum:granite_pebble":199,"minecraft:phantom_membrane":1,"minecraft:sand":18,"minecraft:iron_pickaxe":1,"exdeorum:lead_ore_chunk":4,"minecraft:gold_ingot":50,"minecraft:bone":1,"xycraft_world:xychorium_gem_light":1,"minecraft:gravel":51,"croptopia:toast":1,"minecraft:cobbled_deepslate":1,"minecraft:wheat":1,"xycraft_world:xychorium_gem_blue":1,"minecraft:pointed_dripstone":132,"exdeorum:compressed_iron_hammer":1,"minecraft:oak_planks":12,"minecraft:blaze_powder":3,"exdeorum:silver_ore_chunk":4,"cobblefordays:tier_2":1,"supplementaries:ash":2,"mysticalagriculture:inferium_essence":1,"immersiveengineering:seed":2,"minecraft:water_bucket":1,"minecraft:enchanted_book":4,"minecraft:iron_ingot":50,"minecraft:oak_slab":4,"xycraft_world:xychorium_gem_green":1,"dankstorage:dank_1":3,"minecraft:black_dye":5,"minecraft:wheat_seeds":9,"exdeorum:deepslate_pebble":99,"allthecompressed:cobblestone_1x":30,"exdeorum:mycelium_spores":1,"minecraft:lead":1,"minecraft:cobblestone":35,"minecraft:granite":15,"ironfurnaces:upgrade_iron":1,"exdeorum:iron_ore_chunk":317,"exdeorum:osmium_ore_chunk":2,"minecraft:coal":2,"minecraft:stick":74,"exdeorum:silk_worm":1,"alltheores:copper_ore_hammer":1,"exdeorum:tuff_pebble":2,"alltheores:lead_ingot":4,"mekanism:salt":5,"minecraft:string":15,"exdeorum:stone_pebble":125,"minecraft:redstone":2,"minecraft:polished_deepslate":7,"minecraft:white_carpet":6,"exdeorum:flint_mesh":1,"minecraft:copper_ore":43,"exdeorum:nickel_ore_chunk":6,"minecraft:stone":4,"exdeorum:tin_ore_chunk":5,"exdeorum:aluminum_ore_chunk":6,"minecraft:howl_pottery_sherd":1,"minecraft:oak_sapling":2,"exdeorum:diorite_pebble":199,"minecraft:barrel":1,"exdeorum:andesite_pebble":242,"exdeorum:blackstone_pebble":175,"minecraft:stone_pickaxe":1,"minecraft:raw_gold":6,"minecraft:magma_cream":1,"exdeorum:stone_hammer":5},"minecraft:crafted":{"minecraft:farmland":14,"minecraft:smooth_stone":21,"minecraft:oak_planks":26,"minecraft:barrel":1,"exdeorum:iron_hammer":9,"allthecompressed:basalt_1x":2,"forbidden_arcanus:artisan_relic":1,"alltheores:lead_ingot":4,"minecraft:sand":3,"alltheores:silver_ore":162,"croptopia:toast":8,"minecraft:stone":53,"allthecompressed:cobbled_deepslate_1x":3,"alltheores:osmium_ore":141,"minecraft:granite":32,"alltheores:tin_ingot":131,"alltheores:aluminum_ore":164,"alltheores:nickel_ore":192,"alltheores:zinc_ingot":3,"allthecompressed:sand_1x":129,"exdeorum:stone_hammer":11,"minecraft:oak_slab":6,"exdeorum:oak_barrel":1,"minecraft:crafting_table":1,"minecraft:gold_ore":162,"minecraft:gravel":2,"minecraft:copper_ingot":10,"minecraft:diorite":70,"alltheores:lead_ore":181,"ae2:tiny_tnt":1,"minecraft:diamond_pickaxe":1,"minecraft:stick":9,"minecraft:iron_ingot":309,"minecraft:iron_ore":290,"minecraft:gold_ingot":103,"exdeorum:oak_sieve":1,"minecraft:coarse_dirt":6,"pickletweaks:flint_leggings":1,"allthecompressed:stone_1x":1,"minecraft:cobbled_deepslate":93,"minecraft:furnace":3,"exdeorum:diamond_mesh":12,"allthecompressed:cobblestone_1x":1369,"darkutils:damage_plate_player":1,"allthecompressed:gravel_1x":128,"minecraft:basalt":21,"alltheores:tin_ore":242,"minecraft:polished_deepslate":2,"allthecompressed:diorite_1x":1,"minecraft:stone_pickaxe":1,"allthecompressed:andesite_1x":1,"minecraft:netherite_scrap":3,"exdeorum:iron_mesh":5,"dankstorage:dank_1":1,"minecraft:tuff":8,"exdeorum:golden_mesh":12,"summoningrituals:altar":1,"alltheores:osmium_ingot":51,"mekanism:metallurgic_infuser":1,"alltheores:zinc_ore":172,"minecraft:calcite":12,"pickletweaks:flint_shears":1,"pickletweaks:flint_scythe":1,"exdeorum:compressed_stone_hammer":1,"minecraft:copper_ore":250,"minecraft:bucket":1,"minecraft:air":4544,"exdeorum:crook":1,"exdeorum:compressed_iron_hammer":7,"minecraft:cobblestone":345,"pickletweaks:flint_boots":1,"pickletweaks:flint_chestplate":1,"minecraft:blackstone":134,"allthecompressed:cobblestone_2x":7,"pickletweaks:flint_helmet":1,"allthecompressed:blackstone_1x":6,"minecraft:andesite":19},"minecraft:mined":{"exdeorum:crushed_deepslate":1,"minecraft:oak_sapling":1,"minecraft:farmland":1,"allthecompressed:cobblestone_2x":8,"minecraft:granite":1,"minecraft:grass_block":1,"exdeorum:crushed_blackstone":2,"allthecompressed:sand_1x":1,"minecraft:cobbled_deepslate":50,"minecraft:pointed_dripstone":5,"minecraft:oak_sign":1,"minecraft:blackstone":75,"ironfurnaces:iron_furnace":2,"allthecompressed:cobbled_deepslate_1x":3,"minecraft:calcite":8,"darkutils:damage_plate_player":1,"minecraft:cobblestone":2,"minecraft:wheat":10,"exdeorum:dust":4,"minecraft:oak_log":23,"minecraft:sand":1,"minecraft:dirt":4,"allthecompressed:cobblestone_1x":1316,"minecraft:ancient_debris":3,"minecraft:oak_leaves":13,"allthecompressed:blackstone_1x":6,"botania:orange_double_flower":1,"botania:orange_buried_petals":2,"allthecompressed:diorite_1x":1,"immersiveengineering:hemp":1,"minecraft:andesite":10,"allthecompressed:andesite_1x":1,"minecraft:stone":1,"exdeorum:infested_leaves":48,"minecraft:basalt":2,"allthecompressed:stone_1x":1,"allthecompressed:gravel_1x":130,"minecraft:rose_bush":5,"minecraft:tall_grass":1,"minecraft:diorite":2,"minecraft:mycelium":1,"allthecompressed:basalt_1x":2,"minecraft:gravel":24},"minecraft:killed":{"minecraft:spider":3,"minecraft:skeleton":1,"minecraft:creeper":2,"minecraft:trader_llama":1,"minecraft:zombie":3,"minecraft:phantom":7}},"DataVersion":3465}