{"stats":{"minecraft:picked_up":{"exdeorum:crook":1,"minecraft:coarse_dirt":20,"minecraft:wheat":7,"exdeorum:basalt_pebble":34,"minecraft:cooked_beef":36,"minecraft:oak_log":16,"botania:orange_petal":1,"exdeorum:stone_hammer":3,"exdeorum:blackstone_pebble":21,"minecraft:string":13,"minecraft:dirt":30,"exdeorum:granite_pebble":41,"minecraft:oak_sign":1,"minecraft:apple":1,"minecraft:wheat_seeds":17,"exdeorum:stone_pebble":181,"minecraft:rose_bush":5,"minecraft:iron_nugget":1,"exdeorum:compressed_stone_hammer":1,"allthecompressed:cobblestone_1x":1,"minecraft:stick":50,"exdeorum:deepslate_pebble":39,"allthecompressed:gravel_1x":1,"minecraft:gravel":3,"minecraft:sand":2,"exdeorum:diorite_pebble":34,"exdeorum:andesite_pebble":30,"minecraft:oak_sapling":6},"minecraft:dropped":{"minecraft:enchanted_book":1,"exdeorum:basalt_pebble":38,"minecraft:cooked_beef":39,"minecraft:oak_log":1,"exdeorum:deepslate_pebble":29,"minecraft:cobblestone":13,"minecraft:stick":36,"minecraft:dirt":36,"exdeorum:compressed_stone_hammer":1,"exdeorum:diorite_pebble":34,"exdeorum:crook":1,"exdeorum:granite_pebble":48,"minecraft:sand":18,"exdeorum:blackstone_pebble":27,"exdeorum:andesite_pebble":21,"minecraft:string":13,"exdeorum:stone_pebble":26,"exdeorum:stone_hammer":4,"minecraft:gravel":6},"minecraft:mined":{"minecraft:oak_sapling":1,"minecraft:farmland":1,"exdeorum:infested_leaves":39,"botania:orange_buried_petals":1,"allthecompressed:gravel_1x":1,"minecraft:grass_block":1,"minecraft:rose_bush":5,"minecraft:wheat":7,"minecraft:oak_log":17,"minecraft:oak_sign":1,"minecraft:sand":1,"minecraft:gravel":3,"minecraft:dirt":3,"allthecompressed:cobblestone_1x":1,"minecraft:oak_leaves":2},"minecraft:crafted":{"minecraft:coarse_dirt":6,"minecraft:farmland":14,"minecraft:oak_planks":10,"minecraft:crafting_table":1,"minecraft:gravel":2,"minecraft:cobbled_deepslate":3,"minecraft:sand":3,"minecraft:furnace":1,"croptopia:toast":1,"exdeorum:compressed_stone_hammer":1,"allthecompressed:cobblestone_1x":1,"minecraft:air":180,"exdeorum:crook":1,"minecraft:cobblestone":42,"allthecompressed:sand_1x":1,"minecraft:stone_pickaxe":1,"minecraft:andesite":3,"exdeorum:stone_hammer":10},"minecraft:custom":{"minecraft:interact_with_furnace":4,"minecraft:interact_with_crafting_table":28,"minecraft:leave_game":1,"minecraft:time_since_death":41652,"minecraft:time_since_rest":41652,"minecraft:sprint_one_cm":1850,"minecraft:damage_taken":40,"minecraft:walk_one_cm":51518,"minecraft:drop":26,"minecraft:damage_dealt":468,"minecraft:talked_to_villager":1,"minecraft:fly_one_cm":936,"minecraft:open_chest":32,"minecraft:crouch_one_cm":4407,"minecraft:play_time":41652,"minecraft:sneak_time":3049,"minecraft:jump":26,"minecraft:total_world_time":41652,"minecraft:fall_one_cm":627},"minecraft:used":{"minecraft:wheat_seeds":18,"minecraft:water_bucket":1,"minecraft:rose_bush":4,"minecraft:stone_pickaxe":2,"minecraft:oak_sign":1,"exdeorum:crook":33,"allthecompressed:cobblestone_1x":1,"minecraft:farmland":14,"minecraft:sand":5,"minecraft:dirt":2,"minecraft:crafting_table":1,"minecraft:wooden_hoe":9,"minecraft:lava_bucket":1,"allthecompressed:gravel_1x":1,"minecraft:gravel":3,"minecraft:furnace":1,"botania:orange_petal":1,"minecraft:oak_sapling":2,"minecraft:bucket":1,"exdeorum:compressed_stone_hammer":10,"minecraft:cooked_beef":1,"minecraft:coarse_dirt":5}},"DataVersion":3465}