{"stats":{"minecraft:picked_up":{"exdeorum:crook":1,"minecraft:coarse_dirt":20,"minecraft:wheat":10,"exdeorum:basalt_pebble":74,"minecraft:cooked_beef":36,"exdeorum:dust":3,"enderio:grains_of_infinity":1,"exdeorum:iron_ore_chunk":7,"minecraft:flint":15,"minecraft:oak_log":22,"botania:orange_petal":1,"exdeorum:stone_hammer":3,"minecraft:ancient_debris":1,"minecraft:lapis_lazuli":2,"exdeorum:blackstone_pebble":58,"exdeorum:nickel_ore_chunk":6,"minecraft:string":18,"minecraft:dirt":31,"exdeorum:string_mesh":1,"exdeorum:granite_pebble":80,"immersiveengineering:hemp_fiber":13,"ae2:sky_dust":1,"minecraft:bone":1,"minecraft:oak_sign":1,"minecraft:apple":2,"minecraft:wheat_seeds":25,"exdeorum:stone_pebble":398,"minecraft:rose_bush":6,"exdeorum:zinc_ore_chunk":2,"minecraft:iron_nugget":1,"exdeorum:compressed_stone_hammer":1,"allthecompressed:cobblestone_1x":1,"minecraft:oak_planks":18,"exdeorum:crushed_blackstone":4,"minecraft:oak_slab":7,"minecraft:stick":51,"exdeorum:deepslate_pebble":74,"exdeorum:lead_ore_chunk":2,"allthecompressed:gravel_1x":1,"minecraft:gravel":25,"minecraft:sand":3,"exdeorum:silver_ore_chunk":2,"minecraft:black_dye":1,"minecraft:clay":3,"immersiveengineering:seed":6,"exdeorum:diorite_pebble":71,"exdeorum:copper_ore_chunk":6,"exdeorum:tin_ore_chunk":7,"minecraft:bone_meal":1,"exdeorum:andesite_pebble":75,"minecraft:oak_sapling":6,"minecraft:coal":5,"exdeorum:gold_ore_chunk":5,"exdeorum:osmium_ore_chunk":1},"minecraft:dropped":{"minecraft:enchanted_book":1,"exdeorum:basalt_pebble":38,"exdeorum:crushed_blackstone":2,"minecraft:wheat_seeds":3,"minecraft:lapis_lazuli":1,"croptopia:toast":1,"minecraft:cooked_beef":39,"minecraft:oak_log":1,"exdeorum:deepslate_pebble":29,"minecraft:wheat":1,"exdeorum:zinc_ore_chunk":1,"exdeorum:copper_ore_chunk":3,"minecraft:cobblestone":13,"exdeorum:silver_ore_chunk":1,"exdeorum:iron_ore_chunk":3,"minecraft:coal":2,"minecraft:stick":36,"minecraft:flint":15,"exdeorum:gold_ore_chunk":2,"minecraft:dirt":36,"exdeorum:nickel_ore_chunk":3,"minecraft:ice":1,"exdeorum:tin_ore_chunk":3,"exdeorum:compressed_stone_hammer":1,"exdeorum:diorite_pebble":34,"exdeorum:crook":1,"exdeorum:granite_pebble":48,"minecraft:sand":18,"exdeorum:blackstone_pebble":28,"exdeorum:andesite_pebble":21,"immersiveengineering:seed":2,"minecraft:string":13,"exdeorum:stone_pebble":26,"exdeorum:lead_ore_chunk":1,"minecraft:bone":1,"exdeorum:stone_hammer":4,"minecraft:gravel":6},"minecraft:mined":{"minecraft:oak_sapling":1,"minecraft:farmland":1,"minecraft:blackstone":2,"exdeorum:infested_leaves":40,"botania:orange_buried_petals":1,"allthecompressed:gravel_1x":1,"minecraft:grass_block":1,"minecraft:rose_bush":5,"minecraft:tall_grass":1,"exdeorum:crushed_blackstone":2,"immersiveengineering:hemp":1,"minecraft:wheat":10,"exdeorum:dust":4,"minecraft:andesite":3,"minecraft:oak_log":23,"minecraft:oak_sign":1,"minecraft:sand":1,"minecraft:gravel":4,"minecraft:dirt":4,"allthecompressed:cobblestone_1x":4,"minecraft:oak_leaves":2},"minecraft:crafted":{"minecraft:coarse_dirt":6,"minecraft:farmland":14,"minecraft:oak_slab":6,"minecraft:oak_planks":25,"exdeorum:oak_barrel":1,"minecraft:crafting_table":1,"minecraft:gravel":2,"minecraft:cobbled_deepslate":3,"minecraft:sand":3,"minecraft:furnace":1,"croptopia:toast":8,"exdeorum:compressed_stone_hammer":1,"allthecompressed:cobblestone_1x":2,"minecraft:air":211,"exdeorum:crook":1,"minecraft:cobblestone":58,"minecraft:stick":4,"minecraft:blackstone":2,"allthecompressed:sand_1x":1,"minecraft:stone_pickaxe":1,"exdeorum:oak_sieve":1,"minecraft:andesite":3,"exdeorum:stone_hammer":10},"minecraft:custom":{"minecraft:interact_with_furnace":7,"minecraft:interact_with_crafting_table":40,"minecraft:leave_game":1,"minecraft:time_since_death":65652,"minecraft:time_since_rest":65652,"minecraft:sprint_one_cm":1850,"minecraft:damage_taken":50,"minecraft:walk_one_cm":82364,"minecraft:drop":50,"minecraft:damage_dealt":479,"minecraft:talked_to_villager":1,"minecraft:fly_one_cm":1017,"minecraft:open_chest":86,"minecraft:crouch_one_cm":4730,"minecraft:play_time":65652,"minecraft:sneak_time":5434,"minecraft:jump":50,"minecraft:walk_on_water_one_cm":163,"minecraft:total_world_time":65652,"minecraft:fall_one_cm":836},"minecraft:used":{"minecraft:wheat_seeds":19,"minecraft:water_bucket":1,"minecraft:rose_bush":5,"immersiveengineering:seed":2,"minecraft:stone_pickaxe":2,"minecraft:blackstone":2,"minecraft:oak_sign":1,"exdeorum:crook":33,"allthecompressed:cobblestone_1x":4,"minecraft:farmland":14,"minecraft:ancient_debris":1,"minecraft:sand":6,"minecraft:dirt":3,"minecraft:crafting_table":1,"exdeorum:crushed_blackstone":2,"exdeorum:dust":6,"exdeorum:oak_barrel":1,"minecraft:wooden_hoe":9,"minecraft:lava_bucket":1,"allthecompressed:gravel_1x":1,"minecraft:gravel":25,"exdeorum:stone_hammer":10,"minecraft:cobblestone":1,"minecraft:furnace":1,"botania:orange_petal":1,"minecraft:oak_sapling":3,"minecraft:andesite":3,"minecraft:bucket":1,"exdeorum:compressed_stone_hammer":20,"minecraft:cooked_beef":1,"minecraft:coarse_dirt":5,"minecraft:bone_meal":1}},"DataVersion":3465}