{"stats":{"minecraft:picked_up":{"minecraft:stick":7,"minecraft:apple":1,"minecraft:oak_sign":1,"minecraft:oak_log":10,"minecraft:rose_bush":4,"botania:orange_petal":1,"minecraft:oak_sapling":6},"minecraft:mined":{"minecraft:oak_log":11,"minecraft:oak_sign":1,"minecraft:oak_sapling":1,"minecraft:rose_bush":4,"botania:orange_buried_petals":1,"minecraft:oak_leaves":2},"minecraft:crafted":{"minecraft:oak_planks":10,"minecraft:crafting_table":1,"minecraft:air":40,"exdeorum:crook":1},"minecraft:custom":{"minecraft:open_chest":2,"minecraft:time_since_rest":17652,"minecraft:crouch_one_cm":815,"minecraft:play_time":17652,"minecraft:sprint_one_cm":1479,"minecraft:damage_taken":40,"minecraft:walk_one_cm":20785,"minecraft:sneak_time":386,"minecraft:jump":11,"minecraft:damage_dealt":438,"minecraft:leave_game":1,"minecraft:time_since_death":17652,"minecraft:total_world_time":17652,"minecraft:interact_with_crafting_table":2,"minecraft:talked_to_villager":1,"minecraft:fly_one_cm":936},"minecraft:used":{"minecraft:rose_bush":4,"minecraft:crafting_table":1,"minecraft:oak_sapling":2,"botania:orange_petal":1,"minecraft:oak_sign":1,"minecraft:cooked_beef":1}},"DataVersion":3465}