{"stats":{"minecraft:picked_up":{"croptopia:toast":1,"exdeorum:gold_ore_chunk":2,"minecraft:charcoal":4,"minecraft:coarse_dirt":9,"minecraft:wheat":16,"exdeorum:dust":37,"minecraft:clay_ball":28,"minecraft:lead":6,"minecraft:enchanted_book":1,"exdeorum:iron_ore_chunk":17,"exdeorum:stone_hammer":4,"exdeorum:oak_barrel":1,"exdeorum:blackstone_pebble":124,"minecraft:string":428,"exdeorum:granite_pebble":120,"exdeorum:string_mesh":3,"minecraft:wooden_sword":1,"functionalstorage:oak_4":1,"cobblefordays:tier_1":6,"minecraft:cobbled_deepslate":1,"minecraft:rose_bush":2,"minecraft:cobblestone_slab":8,"exdeorum:zinc_ore_chunk":3,"minecraft:iron_nugget":1,"exdeorum:compressed_stone_hammer":1,"minecraft:chest":1,"xycraft_world:xychorium_gem_green":1,"minecraft:phantom_membrane":4,"minecraft:stick":80,"minecraft:raw_iron":1,"exdeorum:porcelain_crucible":3,"minecraft:torch":16,"tombstone:grave_dust":1,"minecraft:pointed_dripstone":107,"minecraft:redstone":2,"minecraft:black_dye":1,"minecraft:howl_pottery_sherd":1,"exdeorum:silk_worm":18,"xycraft_world:xychorium_gem_blue":1,"exdeorum:unfired_porcelain_crucible":4,"exdeorum:diorite_pebble":109,"exdeorum:tin_ore_chunk":12,"exdeorum:andesite_pebble":101,"exdeorum:crushed_deepslate":18,"minecraft:cobblestone":49,"exdeorum:osmium_ore_chunk":4,"exdeorum:basalt_pebble":125,"minecraft:cooked_beef":27,"minecraft:magma_cream":1,"minecraft:water_bucket":1,"minecraft:leather":4,"minecraft:ice":1,"minecraft:flint":29,"minecraft:oak_log":219,"botania:orange_petal":1,"minecraft:ancient_debris":1,"exdeorum:nickel_ore_chunk":5,"minecraft:lapis_lazuli":4,"minecraft:dirt":217,"immersiveengineering:hemp_fiber":9,"minecraft:apple":4,"minecraft:wheat_seeds":49,"exdeorum:stone_pebble":548,"exdeorum:oak_sieve":3,"minecraft:iron_ingot":21,"minecraft:stone_pickaxe":1,"exdeorum:wood_chippings":58,"alltheores:tin_ingot":1,"minecraft:oak_planks":15,"functionalstorage:simple_compacting_drawer":4,"dankstorage:dank_1":3,"exdeorum:crushed_blackstone":2,"minecraft:oak_slab":25,"exdeorum:deepslate_pebble":125,"exdeorum:lead_ore_chunk":5,"exdeorum:flint_mesh":6,"minecraft:gravel":120,"minecraft:sand":38,"exdeorum:silver_ore_chunk":5,"minecraft:barrel":1,"xycraft_world:xychorium_gem_light":1,"cobblefordays:tier_2":2,"exdeorum:aluminum_ore_chunk":1,"minecraft:clay":3,"immersiveengineering:seed":4,"exdeorum:copper_ore_chunk":7,"minecraft:oak_sapling":71,"minecraft:coal":7,"minecraft:oak_leaves":98},"minecraft:dropped":{"exdeorum:basalt_pebble":9,"minecraft:iron_sword":1,"minecraft:clay":3,"xycraft_world:xychorium_gem_green":1,"dankstorage:dank_1":5,"minecraft:oak_slab":8,"minecraft:black_dye":1,"minecraft:wheat_seeds":5,"minecraft:cooked_beef":24,"minecraft:oak_log":1,"exdeorum:deepslate_pebble":10,"pickletweaks:flint_shears":1,"minecraft:cobblestone":2,"exdeorum:iron_ore_chunk":4,"exdeorum:osmium_ore_chunk":1,"minecraft:coal":3,"alltheores:tin_ingot":1,"minecraft:stick":44,"minecraft:flint":10,"minecraft:dirt":6,"minecraft:wooden_axe":1,"minecraft:rose_bush":1,"exdeorum:compressed_stone_hammer":1,"botania:orange_petal":1,"exdeorum:crook":1,"minecraft:wooden_sword":2,"exdeorum:granite_pebble":3,"minecraft:string":5,"exdeorum:stone_pebble":28,"xycraft_world:xychorium_gem_light":1,"minecraft:gravel":11,"minecraft:ancient_debris":1,"minecraft:cobbled_deepslate":1,"minecraft:coarse_dirt":20,"exdeorum:string_mesh":1,"minecraft:pointed_dripstone":9,"xycraft_world:xychorium_gem_blue":1,"minecraft:oak_planks":20,"exdeorum:flint_mesh":1,"cobblefordays:tier_2":1,"exdeorum:crushed_deepslate":18,"exdeorum:tin_ore_chunk":5,"minecraft:charcoal":8,"minecraft:wooden_shovel":2,"minecraft:oak_sapling":2,"exdeorum:diorite_pebble":3,"minecraft:barrel":1,"exdeorum:andesite_pebble":7,"exdeorum:blackstone_pebble":69,"immersiveengineering:seed":2,"exdeorum:stone_hammer":1},"minecraft:mined":{"minecraft:tuff":1,"minecraft:farmland":37,"minecraft:oak_sapling":2,"minecraft:grass_block":26,"cobblefordays:tier_1":6,"immersiveengineering:hemp":1,"minecraft:iron_ore":1,"minecraft:cobbled_deepslate":1,"functionalstorage:oak_4":1,"functionalstorage:simple_compacting_drawer":4,"minecraft:pointed_dripstone":3,"minecraft:cobblestone_slab":14,"exdeorum:oak_sieve":3,"exdeorum:porcelain_crucible":3,"minecraft:oak_slab":39,"exdeorum:infested_leaves":1011,"exdeorum:unfired_porcelain_crucible":4,"minecraft:clay":7,"minecraft:torch":11,"minecraft:chest":2,"minecraft:rose_bush":2,"minecraft:campfire":2,"minecraft:cobblestone":32,"minecraft:oak_planks":12,"minecraft:coarse_dirt":10,"cobblefordays:tier_2":1,"minecraft:wheat":10,"exdeorum:dust":24,"minecraft:grass":7,"minecraft:oak_log":108,"exdeorum:oak_barrel":1,"minecraft:gravel":7,"minecraft:dirt":144,"minecraft:sand":25,"allthecompressed:cobblestone_1x":7,"minecraft:oak_leaves":237},"minecraft:killed":{"minecraft:phantom":4,"minecraft:wandering_trader":2,"minecraft:trader_llama":5},"minecraft:crafted":{"minecraft:coarse_dirt":16,"minecraft:oak_planks":199,"minecraft:cobblestone_slab":21,"functionalstorage:simple_compacting_drawer":1,"minecraft:barrel":2,"minecraft:cobbled_deepslate":9,"minecraft:furnace":1,"minecraft:piston":1,"minecraft:stone":6,"exdeorum:unfired_porcelain_crucible":2,"minecraft:bone_meal":2,"allthecompressed:cobblestone_1x":8,"minecraft:granite":12,"minecraft:basalt":11,"minecraft:glass":8,"exdeorum:string_mesh":13,"minecraft:stone_pickaxe":1,"minecraft:chest":17,"exdeorum:stone_hammer":13,"exdeorum:iron_mesh":7,"exdeorum:porcelain_crucible":2,"dankstorage:dank_1":2,"cobblefordays:tier_2":1,"minecraft:oak_slab":187,"minecraft:wooden_shovel":2,"exdeorum:oak_barrel":2,"minecraft:crafting_table":1,"pickletweaks:flint_shears":1,"functionalstorage:oak_4":4,"exdeorum:compressed_stone_hammer":1,"minecraft:campfire":2,"minecraft:stone_axe":1,"minecraft:diorite":9,"cobblefordays:tier_1":1,"minecraft:air":2111,"exdeorum:crook":9,"exdeorum:oak_crucible":1,"exdeorum:porcelain_clay_ball":14,"minecraft:white_wool":11,"minecraft:charcoal":26,"minecraft:cobblestone":119,"exdeorum:flint_mesh":13,"minecraft:stick":18,"minecraft:iron_ingot":10,"minecraft:blackstone":7,"minecraft:iron_ore":3,"exdeorum:oak_sieve":11,"minecraft:white_bed":2,"minecraft:andesite":7},"minecraft:custom":{"minecraft:mob_kills":11,"minecraft:interact_with_crafting_table":115,"minecraft:open_barrel":2,"minecraft:time_since_death":97018,"minecraft:sprint_one_cm":119086,"minecraft:walk_one_cm":413873,"minecraft:drop":125,"minecraft:talked_to_villager":5,"minecraft:play_time":209335,"minecraft:deaths":1,"minecraft:sneak_time":15398,"minecraft:walk_under_water_one_cm":7420,"minecraft:jump":620,"minecraft:walk_on_water_one_cm":2288,"minecraft:total_world_time":209335,"minecraft:interact_with_furnace":44,"tombstone:raider_killed":4,"minecraft:sleep_in_bed":3,"minecraft:time_since_rest":1642,"minecraft:damage_taken":1296,"minecraft:damage_dealt":2756,"minecraft:fly_one_cm":68483,"minecraft:open_chest":239,"minecraft:crouch_one_cm":35822,"tombstone:undead_killed":4,"tombstone:villager_killed":2,"minecraft:fall_one_cm":54503},"minecraft:used":{"minecraft:rose_bush":2,"minecraft:chest":14,"exdeorum:crook":1031,"allthecompressed:cobblestone_1x":7,"minecraft:wooden_shovel":114,"minecraft:torch":29,"minecraft:dirt":107,"cobblefordays:tier_2":2,"exdeorum:silk_worm":9,"exdeorum:unfired_porcelain_crucible":4,"functionalstorage:simple_compacting_drawer":5,"supplementaries:pedestal":1,"minecraft:wooden_axe":201,"minecraft:lava_bucket":5,"exdeorum:porcelain_crucible":5,"cobblefordays:tier_1":6,"exdeorum:stone_hammer":77,"minecraft:furnace":1,"minecraft:oak_sapling":48,"tombstone:gift":1,"minecraft:cooked_beef":12,"exdeorum:oak_sieve":15,"minecraft:wheat_seeds":6,"minecraft:water_bucket":4,"minecraft:iron_ore":1,"minecraft:oak_planks":12,"minecraft:stone_pickaxe":53,"minecraft:cobblestone_slab":87,"minecraft:clay":7,"minecraft:oak_leaves":98,"minecraft:sand":25,"minecraft:oak_slab":524,"minecraft:crafting_table":1,"exdeorum:crushed_blackstone":2,"minecraft:campfire":2,"minecraft:white_bed":2,"exdeorum:dust":24,"minecraft:wooden_hoe":13,"exdeorum:oak_barrel":3,"functionalstorage:oak_4":1,"allthecompressed:sand_1x":1,"allthecompressed:gravel_1x":1,"minecraft:gravel":80,"minecraft:stone_axe":53,"minecraft:wooden_sword":17,"exdeorum:oak_crucible":1,"minecraft:cobblestone":32,"minecraft:bucket":6,"exdeorum:compressed_stone_hammer":20,"minecraft:coarse_dirt":92},"minecraft:broken":{"exdeorum:crook":7}},"DataVersion":3465}