{"stats":{"minecraft:picked_up":{"croptopia:toast":1,"minecraft:coarse_dirt":9,"minecraft:wheat":16,"exdeorum:dust":37,"minecraft:clay_ball":28,"minecraft:lead":2,"minecraft:enchanted_book":1,"exdeorum:iron_ore_chunk":3,"exdeorum:stone_hammer":4,"exdeorum:oak_barrel":1,"exdeorum:blackstone_pebble":51,"minecraft:string":133,"exdeorum:granite_pebble":68,"exdeorum:string_mesh":3,"minecraft:rose_bush":2,"minecraft:iron_nugget":1,"minecraft:chest":1,"xycraft_world:xychorium_gem_green":1,"minecraft:phantom_membrane":3,"minecraft:stick":80,"minecraft:raw_iron":1,"minecraft:torch":16,"tombstone:grave_dust":1,"minecraft:pointed_dripstone":1,"minecraft:black_dye":1,"exdeorum:silk_worm":9,"xycraft_world:xychorium_gem_blue":1,"exdeorum:unfired_porcelain_crucible":2,"exdeorum:diorite_pebble":43,"exdeorum:tin_ore_chunk":5,"exdeorum:andesite_pebble":42,"minecraft:cobblestone":13,"exdeorum:osmium_ore_chunk":1,"exdeorum:basalt_pebble":66,"minecraft:cooked_beef":27,"minecraft:water_bucket":1,"minecraft:ice":1,"minecraft:flint":12,"minecraft:oak_log":153,"botania:orange_petal":1,"minecraft:ancient_debris":1,"minecraft:dirt":217,"immersiveengineering:hemp_fiber":9,"minecraft:apple":4,"minecraft:wheat_seeds":49,"exdeorum:stone_pebble":150,"exdeorum:oak_sieve":3,"minecraft:stone_pickaxe":1,"exdeorum:wood_chippings":58,"alltheores:tin_ingot":1,"dankstorage:dank_1":1,"exdeorum:crushed_blackstone":2,"minecraft:oak_slab":19,"exdeorum:deepslate_pebble":56,"minecraft:gravel":39,"minecraft:sand":30,"xycraft_world:xychorium_gem_light":1,"minecraft:clay":3,"immersiveengineering:seed":4,"minecraft:oak_sapling":71,"minecraft:coal":1,"minecraft:oak_leaves":98},"minecraft:dropped":{"exdeorum:basalt_pebble":7,"minecraft:clay":3,"xycraft_world:xychorium_gem_green":1,"dankstorage:dank_1":1,"minecraft:oak_slab":8,"minecraft:black_dye":1,"minecraft:wheat_seeds":5,"minecraft:cooked_beef":24,"minecraft:oak_log":1,"exdeorum:deepslate_pebble":10,"pickletweaks:flint_shears":1,"exdeorum:iron_ore_chunk":3,"exdeorum:osmium_ore_chunk":1,"minecraft:coal":3,"alltheores:tin_ingot":1,"minecraft:stick":44,"minecraft:flint":3,"minecraft:dirt":6,"minecraft:rose_bush":1,"botania:orange_petal":1,"minecraft:wooden_sword":1,"exdeorum:granite_pebble":3,"minecraft:string":5,"exdeorum:stone_pebble":19,"xycraft_world:xychorium_gem_light":1,"minecraft:gravel":2,"minecraft:ancient_debris":1,"minecraft:coarse_dirt":20,"exdeorum:string_mesh":1,"xycraft_world:xychorium_gem_blue":1,"minecraft:oak_planks":18,"exdeorum:tin_ore_chunk":5,"minecraft:wooden_shovel":2,"minecraft:oak_sapling":2,"exdeorum:diorite_pebble":2,"exdeorum:andesite_pebble":5,"exdeorum:blackstone_pebble":9,"immersiveengineering:seed":2,"exdeorum:stone_hammer":1},"minecraft:mined":{"minecraft:farmland":37,"minecraft:oak_sapling":2,"minecraft:grass_block":26,"immersiveengineering:hemp":1,"minecraft:iron_ore":1,"exdeorum:oak_sieve":3,"minecraft:oak_slab":35,"exdeorum:infested_leaves":372,"exdeorum:unfired_porcelain_crucible":2,"minecraft:clay":7,"minecraft:torch":11,"minecraft:chest":2,"minecraft:rose_bush":2,"minecraft:cobblestone":6,"minecraft:coarse_dirt":10,"minecraft:wheat":10,"exdeorum:dust":24,"minecraft:grass":7,"minecraft:oak_log":54,"exdeorum:oak_barrel":1,"minecraft:dirt":144,"minecraft:sand":25,"minecraft:oak_leaves":237},"minecraft:killed":{"minecraft:phantom":4,"minecraft:wandering_trader":1,"minecraft:trader_llama":1},"minecraft:crafted":{"minecraft:coarse_dirt":16,"minecraft:oak_planks":141,"minecraft:cobbled_deepslate":9,"exdeorum:unfired_porcelain_crucible":2,"minecraft:bone_meal":2,"allthecompressed:cobblestone_1x":1,"minecraft:granite":12,"minecraft:basalt":11,"exdeorum:string_mesh":6,"minecraft:stone_pickaxe":1,"minecraft:chest":13,"exdeorum:stone_hammer":13,"minecraft:oak_slab":123,"minecraft:wooden_shovel":2,"exdeorum:oak_barrel":2,"minecraft:crafting_table":1,"pickletweaks:flint_shears":1,"exdeorum:compressed_stone_hammer":1,"minecraft:diorite":9,"minecraft:air":1255,"exdeorum:crook":4,"exdeorum:oak_crucible":1,"exdeorum:porcelain_clay_ball":14,"minecraft:white_wool":11,"minecraft:cobblestone":24,"exdeorum:flint_mesh":6,"minecraft:stick":14,"minecraft:blackstone":7,"minecraft:iron_ore":1,"exdeorum:oak_sieve":5,"minecraft:white_bed":2,"minecraft:andesite":7},"minecraft:custom":{"minecraft:mob_kills":6,"minecraft:interact_with_crafting_table":70,"minecraft:time_since_death":13018,"minecraft:sprint_one_cm":60905,"minecraft:walk_one_cm":262426,"minecraft:drop":81,"minecraft:talked_to_villager":2,"minecraft:play_time":125335,"minecraft:deaths":1,"minecraft:sneak_time":10182,"minecraft:walk_under_water_one_cm":5254,"minecraft:jump":354,"minecraft:walk_on_water_one_cm":1562,"minecraft:total_world_time":125335,"minecraft:interact_with_furnace":4,"tombstone:raider_killed":4,"minecraft:sleep_in_bed":2,"minecraft:time_since_rest":11663,"minecraft:damage_taken":1271,"minecraft:damage_dealt":1736,"minecraft:fly_one_cm":37578,"minecraft:open_chest":158,"minecraft:crouch_one_cm":30423,"tombstone:undead_killed":4,"tombstone:villager_killed":1,"minecraft:fall_one_cm":46979},"minecraft:used":{"minecraft:rose_bush":2,"minecraft:chest":14,"exdeorum:crook":392,"minecraft:wooden_shovel":114,"minecraft:torch":25,"minecraft:dirt":107,"exdeorum:silk_worm":9,"exdeorum:unfired_porcelain_crucible":2,"minecraft:wooden_axe":159,"minecraft:lava_bucket":2,"exdeorum:stone_hammer":60,"minecraft:oak_sapling":36,"tombstone:gift":1,"minecraft:cooked_beef":9,"exdeorum:oak_sieve":9,"minecraft:wheat_seeds":6,"minecraft:water_bucket":2,"minecraft:iron_ore":1,"minecraft:stone_pickaxe":3,"minecraft:clay":7,"minecraft:oak_leaves":98,"minecraft:sand":25,"minecraft:oak_slab":494,"minecraft:crafting_table":1,"exdeorum:crushed_blackstone":2,"minecraft:white_bed":2,"exdeorum:dust":24,"minecraft:wooden_hoe":13,"exdeorum:oak_barrel":3,"minecraft:gravel":8,"minecraft:wooden_sword":17,"exdeorum:oak_crucible":1,"minecraft:cobblestone":6,"minecraft:bucket":3,"exdeorum:compressed_stone_hammer":13,"minecraft:coarse_dirt":92},"minecraft:broken":{"exdeorum:crook":2}},"DataVersion":3465}