{"stats":{"minecraft:picked_up":{"minecraft:stick":4,"minecraft:torch":11,"minecraft:rose_bush":1,"minecraft:oak_log":11,"minecraft:oak_sapling":7,"minecraft:dirt":54},"minecraft:mined":{"minecraft:oak_log":5,"minecraft:grass_block":25,"minecraft:rose_bush":1,"minecraft:dirt":30,"minecraft:oak_leaves":3,"minecraft:torch":7},"minecraft:crafted":{"minecraft:oak_slab":12,"minecraft:oak_planks":17,"exdeorum:oak_barrel":2,"minecraft:crafting_table":1,"minecraft:air":36},"minecraft:custom":{"minecraft:time_since_rest":17335,"minecraft:play_time":17335,"minecraft:crouch_one_cm":3156,"minecraft:sprint_one_cm":428,"minecraft:damage_taken":18,"minecraft:walk_one_cm":15122,"minecraft:sneak_time":940,"minecraft:jump":10,"minecraft:time_since_death":17335,"minecraft:total_world_time":17335,"minecraft:interact_with_crafting_table":7,"minecraft:fly_one_cm":62},"minecraft:used":{"exdeorum:oak_barrel":2,"minecraft:wooden_axe":6,"minecraft:torch":11,"minecraft:rose_bush":1,"minecraft:dirt":29,"minecraft:crafting_table":1,"minecraft:oak_sapling":1}},"DataVersion":3465}