{"stats":{"minecraft:picked_up":{"minecraft:coarse_dirt":5,"exdeorum:basalt_pebble":53,"minecraft:cooked_beef":27,"exdeorum:dust":12,"minecraft:enchanted_book":1,"minecraft:flint":2,"botania:orange_petal":1,"minecraft:oak_log":29,"exdeorum:stone_hammer":4,"exdeorum:blackstone_pebble":41,"minecraft:dirt":72,"minecraft:string":21,"exdeorum:granite_pebble":59,"minecraft:apple":1,"minecraft:wheat_seeds":5,"exdeorum:stone_pebble":117,"minecraft:rose_bush":1,"minecraft:iron_nugget":1,"minecraft:stick":49,"exdeorum:deepslate_pebble":45,"minecraft:torch":11,"minecraft:gravel":7,"minecraft:sand":30,"exdeorum:silk_worm":2,"exdeorum:diorite_pebble":40,"exdeorum:andesite_pebble":34,"minecraft:oak_sapling":16,"minecraft:cobblestone":13},"minecraft:dropped":{"minecraft:gravel":2,"exdeorum:basalt_pebble":1,"minecraft:wheat_seeds":5,"minecraft:cooked_beef":24,"minecraft:oak_log":1,"exdeorum:deepslate_pebble":5,"minecraft:coarse_dirt":20,"minecraft:stick":43,"minecraft:dirt":4,"botania:orange_petal":1,"minecraft:oak_sapling":2,"exdeorum:diorite_pebble":2,"exdeorum:blackstone_pebble":3,"exdeorum:andesite_pebble":2,"exdeorum:stone_pebble":6,"exdeorum:stone_hammer":1},"minecraft:mined":{"exdeorum:infested_leaves":8,"minecraft:torch":7,"minecraft:grass_block":26,"minecraft:chest":1,"minecraft:rose_bush":1,"minecraft:coarse_dirt":5,"minecraft:oak_log":20,"minecraft:sand":25,"minecraft:dirt":36,"minecraft:oak_leaves":85},"minecraft:killed":{"minecraft:wandering_trader":1},"minecraft:crafted":{"minecraft:coarse_dirt":4,"minecraft:oak_slab":20,"minecraft:oak_planks":34,"exdeorum:oak_barrel":2,"minecraft:crafting_table":1,"minecraft:cobbled_deepslate":9,"exdeorum:compressed_stone_hammer":1,"allthecompressed:cobblestone_1x":1,"minecraft:diorite":9,"minecraft:air":285,"exdeorum:crook":1,"minecraft:granite":12,"minecraft:basalt":11,"minecraft:cobblestone":24,"exdeorum:string_mesh":2,"minecraft:stick":10,"minecraft:blackstone":7,"minecraft:chest":9,"exdeorum:oak_sieve":2,"minecraft:andesite":7,"exdeorum:stone_hammer":13},"minecraft:custom":{"minecraft:mob_kills":1,"minecraft:interact_with_crafting_table":43,"minecraft:time_since_death":53335,"minecraft:time_since_rest":53335,"minecraft:sprint_one_cm":1213,"minecraft:damage_taken":188,"minecraft:walk_one_cm":59809,"minecraft:drop":33,"minecraft:damage_dealt":530,"minecraft:talked_to_villager":1,"minecraft:fly_one_cm":820,"minecraft:open_chest":51,"minecraft:crouch_one_cm":11708,"minecraft:play_time":53335,"minecraft:sneak_time":3696,"minecraft:walk_under_water_one_cm":1148,"tombstone:villager_killed":1,"minecraft:jump":59,"minecraft:walk_on_water_one_cm":186,"minecraft:total_world_time":53335,"minecraft:fall_one_cm":1517},"minecraft:used":{"exdeorum:oak_sieve":2,"minecraft:wheat_seeds":1,"minecraft:rose_bush":1,"minecraft:chest":9,"exdeorum:crook":107,"minecraft:torch":13,"minecraft:sand":25,"minecraft:dirt":36,"minecraft:oak_slab":58,"minecraft:crafting_table":1,"exdeorum:silk_worm":1,"exdeorum:dust":5,"minecraft:wooden_axe":12,"exdeorum:oak_barrel":2,"minecraft:wooden_sword":6,"exdeorum:stone_hammer":12,"minecraft:oak_sapling":5,"exdeorum:compressed_stone_hammer":13,"minecraft:coarse_dirt":1}},"DataVersion":3465}