{"stats":{"minecraft:mined":{"minecraft:oak_sapling":2,"minecraft:farmland":37,"xycraft_world:xychorium_storage_light":1,"minecraft:grass_block":26,"integrateddynamics:squeezer":4,"supplementaries:pedestal":1,"cobblefordays:tier_1":6,"minecraft:iron_ore":1,"minecraft:cobbled_deepslate":1,"minecraft:barrel":1,"minecraft:pointed_dripstone":3,"exdeorum:oak_sieve":17,"exdeorum:unfired_porcelain_crucible":4,"minecraft:clay":7,"minecraft:torch":17,"minecraft:calcite":1,"minecraft:chest":3,"minecraft:cobblestone":33,"minecraft:oak_planks":12,"cobblefordays:tier_2":1,"minecraft:wheat":10,"exdeorum:dust":24,"exdeorum:stone_barrel":2,"minecraft:grass":7,"minecraft:oak_log":183,"exdeorum:oak_barrel":4,"minecraft:sand":25,"minecraft:dirt":144,"allthecompressed:cobblestone_1x":7,"minecraft:oak_leaves":426,"minecraft:tuff":1,"exdeorum:oak_crucible":1,"minecraft:lever":1,"cb_multipart:multipart":1,"minecraft:furnace":3,"immersiveengineering:hemp":1,"functionalstorage:oak_4":1,"rftoolspower:coalgenerator":1,"functionalstorage:simple_compacting_drawer":4,"minecraft:polished_deepslate":1,"minecraft:cobblestone_slab":402,"exdeorum:porcelain_crucible":3,"minecraft:oak_slab":53,"exdeorum:infested_leaves":1134,"minecraft:crafting_table":2,"minecraft:rose_bush":4,"minecraft:campfire":2,"minecraft:copper_ore":5,"minecraft:coarse_dirt":10,"minecraft:gravel":7},"minecraft:picked_up":{"minecraft:wheat":16,"exdeorum:dust":37,"minecraft:lead":9,"minecraft:enchanted_book":2,"exdeorum:iron_ore_chunk":18,"exdeorum:stone_hammer":5,"minecraft:polished_deepslate":1,"minecraft:string":495,"minecraft:raw_copper":42,"minecraft:armor_stand":1,"mysticalagriculture:inferium_essence":1,"cobblefordays:tier_1":6,"minecraft:cobbled_deepslate":1,"minecraft:cobblestone_slab":75,"minecraft:rose_bush":4,"minecraft:iron_pickaxe":1,"xycraft_world:xychorium_gem_green":1,"minecraft:furnace":2,"minecraft:stick":130,"exdeorum:oak_crucible":1,"minecraft:torch":25,"tombstone:grave_dust":1,"minecraft:pointed_dripstone":111,"minecraft:black_dye":1,"exdeorum:tin_ore_chunk":14,"supplementaries:ash":2,"minecraft:cobblestone":50,"exdeorum:osmium_ore_chunk":4,"exdeorum:basalt_pebble":125,"exdeorum:stone_barrel":2,"minecraft:cooked_beef":27,"minecraft:magma_cream":1,"minecraft:water_bucket":1,"minecraft:flint":95,"minecraft:dirt":217,"minecraft:lapis_lazuli":5,"exdeorum:nickel_ore_chunk":7,"immersiveengineering:hemp_fiber":9,"minecraft:wheat_seeds":49,"alltheores:tin_ingot":1,"minecraft:oak_planks":15,"exdeorum:crushed_blackstone":2,"exdeorum:flint_mesh":6,"minecraft:sand":38,"integrateddynamics:squeezer":6,"minecraft:barrel":2,"xycraft_world:xychorium_gem_light":1,"minecraft:clay":3,"cobblefordays:tier_2":2,"minecraft:lever":1,"minecraft:granite":15,"exdeorum:copper_ore_chunk":92,"minecraft:oak_sapling":93,"minecraft:oak_leaves":98,"croptopia:toast":1,"exdeorum:gold_ore_chunk":2,"minecraft:charcoal":4,"minecraft:coarse_dirt":9,"minecraft:crafting_table":2,"minecraft:clay_ball":28,"exdeorum:oak_barrel":4,"exdeorum:blackstone_pebble":126,"exdeorum:string_mesh":3,"exdeorum:granite_pebble":120,"minecraft:wooden_sword":1,"minecraft:white_carpet":12,"functionalstorage:oak_4":1,"exdeorum:iron_mesh":12,"exdeorum:zinc_ore_chunk":3,"minecraft:iron_nugget":1,"exdeorum:compressed_stone_hammer":2,"minecraft:chest":2,"minecraft:phantom_membrane":4,"minecraft:copper_ore":43,"minecraft:raw_iron":3,"exdeorum:porcelain_crucible":3,"minecraft:copper_ingot":10,"supplementaries:pedestal":1,"sophisticatedbackpacks:backpack":2,"exdeorum:tuff_pebble":2,"minecraft:redstone":2,"minecraft:howl_pottery_sherd":1,"exdeorum:silk_worm":23,"xycraft_world:xychorium_gem_blue":1,"exdeorum:unfired_porcelain_crucible":4,"exdeorum:diorite_pebble":109,"exdeorum:andesite_pebble":101,"minecraft:gold_ingot":18,"exdeorum:crushed_deepslate":18,"rftoolspower:coalgenerator":1,"minecraft:leather":9,"minecraft:ice":1,"exdeorum:compressed_iron_hammer":1,"minecraft:oak_log":311,"botania:orange_petal":1,"minecraft:ancient_debris":1,"minecraft:red_carpet":1,"minecraft:apple":10,"exdeorum:oak_sieve":17,"exdeorum:stone_pebble":548,"minecraft:iron_ingot":50,"minecraft:stone_pickaxe":1,"exdeorum:wood_chippings":58,"minecraft:iron_sword":1,"functionalstorage:simple_compacting_drawer":4,"dankstorage:dank_1":3,"minecraft:oak_slab":36,"exdeorum:deepslate_pebble":125,"exdeorum:lead_ore_chunk":5,"minecraft:gravel":152,"minecraft:lava_bucket":1,"exdeorum:silver_ore_chunk":5,"exdeorum:aluminum_ore_chunk":1,"immersiveengineering:seed":4,"minecraft:coal":71,"alltheores:copper_ore_hammer":1},"minecraft:broken":{"exdeorum:crook":8},"minecraft:used":{"minecraft:polished_deepslate":1,"rftoolspower:coalgenerator":2,"minecraft:chest":17,"allthecompressed:cobblestone_1x":7,"integrateddynamics:squeezer":5,"minecraft:lava_bucket":12,"minecraft:copper_ore":5,"minecraft:oak_sapling":64,"minecraft:furnace":10,"minecraft:stone_pickaxe":78,"minecraft:oak_planks":12,"minecraft:clay":7,"minecraft:oak_leaves":98,"minecraft:sand":25,"minecraft:lever":2,"exdeorum:oak_barrel":6,"minecraft:gravel":112,"minecraft:wooden_sword":17,"exdeorum:oak_crucible":2,"exdeorum:compressed_stone_hammer":20,"minecraft:coarse_dirt":92,"minecraft:rose_bush":3,"minecraft:armor_stand":2,"exdeorum:crook":1159,"minecraft:wooden_shovel":114,"minecraft:torch":56,"minecraft:dirt":107,"cobblefordays:tier_2":2,"exdeorum:silk_worm":9,"exdeorum:unfired_porcelain_crucible":4,"functionalstorage:simple_compacting_drawer":5,"supplementaries:pedestal":2,"minecraft:wooden_axe":201,"minecraft:barrel":2,"exdeorum:porcelain_crucible":5,"cobblefordays:tier_1":6,"exdeorum:stone_hammer":77,"tombstone:gift":2,"minecraft:cooked_beef":21,"exdeorum:oak_sieve":29,"minecraft:wheat_seeds":6,"minecraft:water_bucket":4,"minecraft:iron_ore":1,"minecraft:cobblestone_slab":829,"minecraft:oak_slab":860,"minecraft:crafting_table":3,"exdeorum:crushed_blackstone":2,"minecraft:white_bed":2,"minecraft:campfire":2,"exdeorum:stone_barrel":3,"exdeorum:dust":24,"minecraft:wooden_hoe":13,"functionalstorage:oak_4":1,"allthecompressed:sand_1x":1,"allthecompressed:gravel_1x":1,"minecraft:iron_pickaxe":387,"minecraft:stone_axe":373,"minecraft:cobblestone":33,"minecraft:bucket":12},"minecraft:killed_by":{"minecraft:phantom":1},"minecraft:custom":{"minecraft:interact_with_crafting_table":166,"minecraft:open_barrel":6,"minecraft:leave_game":2,"minecraft:time_since_death":35760,"minecraft:sprint_one_cm":256744,"minecraft:drop":236,"minecraft:talked_to_villager":10,"minecraft:play_time":354835,"minecraft:deaths":2,"minecraft:jump":1283,"minecraft:walk_on_water_one_cm":2288,"minecraft:interact_with_furnace":143,"minecraft:sleep_in_bed":7,"minecraft:damage_dealt":4241,"minecraft:crouch_one_cm":51554,"tombstone:undead_killed":4,"tombstone:villager_killed":3,"minecraft:mob_kills":15,"minecraft:walk_one_cm":746570,"minecraft:sneak_time":20621,"minecraft:walk_under_water_one_cm":7420,"minecraft:total_world_time":354835,"tombstone:raider_killed":4,"minecraft:time_since_rest":35399,"minecraft:damage_taken":2389,"minecraft:fly_one_cm":198612,"minecraft:open_chest":352,"minecraft:fall_one_cm":64163},"minecraft:killed":{"minecraft:trader_llama":8,"minecraft:phantom":4,"minecraft:wandering_trader":3},"minecraft:crafted":{"minecraft:smooth_stone":3,"minecraft:oak_planks":252,"minecraft:cobblestone_slab":181,"minecraft:barrel":2,"alltheores:copper_dust":11,"minecraft:stone":53,"exdeorum:unfired_porcelain_crucible":2,"minecraft:lever":1,"minecraft:granite":12,"minecraft:glass":8,"alltheores:silver_ingot":86,"alltheores:zinc_ingot":34,"minecraft:chest":20,"minecraft:copper_block":2,"exdeorum:stone_hammer":20,"exdeorum:porcelain_crucible":2,"cobblefordays:tier_2":1,"integrateddynamics:squeezer":1,"rftoolspower:coalgenerator":2,"minecraft:oak_slab":227,"minecraft:wooden_shovel":2,"sophisticatedbackpacks:backpack":1,"exdeorum:oak_barrel":2,"minecraft:crafting_table":1,"minecraft:copper_ingot":43,"minecraft:campfire":2,"minecraft:diorite":9,"cobblefordays:tier_1":1,"exdeorum:oak_crucible":1,"minecraft:charcoal":26,"exdeorum:flint_mesh":13,"minecraft:stick":57,"minecraft:stone_slab":12,"minecraft:iron_ingot":13,"minecraft:iron_pickaxe":2,"minecraft:iron_block":1,"minecraft:iron_ore":3,"minecraft:gold_ingot":6,"exdeorum:oak_sieve":11,"minecraft:redstone_torch":4,"minecraft:coarse_dirt":16,"pickletweaks:flint_leggings":1,"functionalstorage:simple_compacting_drawer":1,"minecraft:smooth_stone_slab":6,"rftoolsbase:machine_frame":2,"alltheores:aluminum_ingot":64,"minecraft:cobbled_deepslate":9,"minecraft:furnace":9,"minecraft:piston":1,"minecraft:bone_meal":2,"allthecompressed:cobblestone_1x":8,"minecraft:white_carpet":6,"alltheores:copper_ore_hammer":1,"minecraft:basalt":11,"exdeorum:string_mesh":13,"minecraft:stone_pickaxe":1,"exdeorum:iron_mesh":7,"dankstorage:dank_1":2,"minecraft:red_dye":2,"exdeorum:stone_barrel":1,"alltheores:nickel_ingot":63,"pickletweaks:flint_shears":1,"functionalstorage:oak_4":4,"exdeorum:compressed_stone_hammer":2,"minecraft:copper_ore":21,"minecraft:red_carpet":1,"minecraft:stone_axe":4,"minecraft:air":3654,"exdeorum:crook":13,"minecraft:blue_dye":4,"exdeorum:porcelain_clay_ball":14,"minecraft:white_wool":75,"minecraft:cobblestone":119,"pickletweaks:flint_boots":1,"minecraft:gold_nugget":1,"pickletweaks:flint_chestplate":1,"minecraft:blackstone":7,"minecraft:armor_stand":1,"pickletweaks:flint_helmet":1,"minecraft:white_bed":2,"minecraft:andesite":7,"minecraft:torch":10},"minecraft:dropped":{"exdeorum:basalt_pebble":9,"minecraft:clay":3,"minecraft:iron_sword":1,"minecraft:cooked_beef":24,"minecraft:oak_log":1,"integrateddynamics:squeezer":2,"pickletweaks:flint_shears":1,"alltheores:tin_ingot":1,"minecraft:red_carpet":2,"minecraft:flint":373,"minecraft:dirt":6,"exdeorum:compressed_stone_hammer":4,"exdeorum:crook":1,"minecraft:wooden_sword":2,"exdeorum:granite_pebble":3,"minecraft:iron_pickaxe":2,"minecraft:white_wool":60,"minecraft:gold_ingot":62,"xycraft_world:xychorium_storage_light":5,"xycraft_world:xychorium_gem_light":1,"minecraft:gravel":11,"minecraft:stone_axe":3,"minecraft:ancient_debris":1,"exdeorum:string_mesh":1,"minecraft:cobbled_deepslate":1,"powah:book":1,"minecraft:wheat":1,"xycraft_world:xychorium_gem_blue":1,"minecraft:pointed_dripstone":13,"exdeorum:compressed_iron_hammer":1,"minecraft:oak_planks":20,"xycraft_world:xychorium_storage_green":5,"cobblefordays:tier_2":1,"supplementaries:ash":2,"exdeorum:crushed_deepslate":18,"minecraft:charcoal":8,"powah:wrench":1,"immersiveengineering:seed":2,"minecraft:iron_ingot":20,"minecraft:oak_slab":72,"dankstorage:dank_1":5,"xycraft_world:xychorium_gem_green":1,"minecraft:black_dye":1,"minecraft:wheat_seeds":6,"exdeorum:deepslate_pebble":10,"minecraft:cobblestone":118,"minecraft:apple":1,"minecraft:granite":15,"exdeorum:iron_ore_chunk":5,"exdeorum:osmium_ore_chunk":1,"minecraft:coal":4,"minecraft:stick":94,"exdeorum:silk_worm":10,"minecraft:wooden_axe":1,"minecraft:rose_bush":1,"botania:orange_petal":1,"alltheores:copper_ore_hammer":3,"exdeorum:tuff_pebble":2,"minecraft:string":5,"exdeorum:stone_pebble":28,"minecraft:furnace":1,"minecraft:coarse_dirt":20,"minecraft:raw_copper":6,"alltheores:copper_dust":11,"minecraft:raw_iron":2,"minecraft:white_carpet":12,"sophisticatedbackpacks:backpack":3,"exdeorum:flint_mesh":1,"xycraft_world:xychorium_storage_blue":5,"minecraft:stone_slab":11,"minecraft:cobblestone_slab":155,"exdeorum:nickel_ore_chunk":2,"minecraft:stone":44,"exdeorum:tin_ore_chunk":7,"minecraft:oak_sapling":8,"minecraft:wooden_shovel":2,"exdeorum:diorite_pebble":3,"minecraft:barrel":1,"exdeorum:andesite_pebble":7,"exdeorum:blackstone_pebble":71,"minecraft:stone_pickaxe":2,"rftoolspower:coalgenerator":1,"exdeorum:stone_hammer":2}},"DataVersion":3465}