{"stats":{"minecraft:picked_up":{"minecraft:coarse_dirt":9,"minecraft:wheat":5,"exdeorum:basalt_pebble":56,"minecraft:cooked_beef":27,"exdeorum:dust":37,"minecraft:enchanted_book":1,"minecraft:flint":4,"botania:orange_petal":1,"minecraft:oak_log":40,"exdeorum:stone_hammer":4,"exdeorum:oak_barrel":1,"exdeorum:blackstone_pebble":41,"minecraft:dirt":72,"minecraft:string":21,"exdeorum:granite_pebble":61,"minecraft:apple":1,"minecraft:wheat_seeds":18,"exdeorum:stone_pebble":125,"minecraft:rose_bush":1,"minecraft:iron_nugget":1,"exdeorum:crushed_blackstone":2,"minecraft:stick":52,"exdeorum:deepslate_pebble":46,"minecraft:torch":13,"minecraft:gravel":22,"minecraft:sand":30,"exdeorum:silk_worm":3,"exdeorum:diorite_pebble":40,"exdeorum:andesite_pebble":36,"minecraft:oak_sapling":19,"minecraft:coal":1,"exdeorum:osmium_ore_chunk":1,"minecraft:oak_leaves":98,"minecraft:cobblestone":13,"croptopia:toast":1},"minecraft:dropped":{"minecraft:gravel":2,"exdeorum:basalt_pebble":4,"minecraft:wheat_seeds":5,"minecraft:cooked_beef":24,"minecraft:oak_log":1,"exdeorum:deepslate_pebble":6,"minecraft:coarse_dirt":20,"pickletweaks:flint_shears":1,"exdeorum:osmium_ore_chunk":1,"minecraft:stick":43,"minecraft:dirt":4,"botania:orange_petal":1,"minecraft:oak_sapling":2,"exdeorum:diorite_pebble":2,"exdeorum:granite_pebble":2,"exdeorum:blackstone_pebble":3,"exdeorum:andesite_pebble":4,"minecraft:string":5,"exdeorum:stone_pebble":14,"exdeorum:stone_hammer":1},"minecraft:mined":{"exdeorum:infested_leaves":8,"minecraft:torch":8,"minecraft:grass_block":26,"minecraft:chest":1,"minecraft:rose_bush":1,"minecraft:cobblestone":6,"minecraft:coarse_dirt":9,"exdeorum:dust":24,"minecraft:oak_log":31,"exdeorum:oak_barrel":1,"minecraft:sand":25,"minecraft:dirt":36,"minecraft:oak_leaves":228},"minecraft:killed":{"minecraft:wandering_trader":1},"minecraft:crafted":{"minecraft:coarse_dirt":4,"minecraft:oak_slab":26,"minecraft:oak_planks":45,"exdeorum:oak_barrel":2,"minecraft:crafting_table":1,"minecraft:cobbled_deepslate":9,"pickletweaks:flint_shears":1,"exdeorum:compressed_stone_hammer":1,"allthecompressed:cobblestone_1x":1,"minecraft:diorite":9,"minecraft:air":300,"exdeorum:crook":4,"exdeorum:oak_crucible":1,"minecraft:granite":12,"minecraft:basalt":11,"minecraft:cobblestone":24,"exdeorum:string_mesh":2,"minecraft:stick":10,"minecraft:blackstone":7,"minecraft:chest":11,"exdeorum:oak_sieve":2,"minecraft:andesite":7,"exdeorum:stone_hammer":13},"minecraft:custom":{"minecraft:interact_with_furnace":1,"minecraft:mob_kills":1,"minecraft:interact_with_crafting_table":49,"minecraft:time_since_death":65335,"minecraft:time_since_rest":65335,"minecraft:sprint_one_cm":1727,"minecraft:damage_taken":309,"minecraft:walk_one_cm":90883,"minecraft:drop":41,"minecraft:damage_dealt":530,"minecraft:talked_to_villager":1,"minecraft:fly_one_cm":897,"minecraft:open_chest":74,"minecraft:crouch_one_cm":11942,"minecraft:play_time":65335,"minecraft:sneak_time":3782,"minecraft:walk_under_water_one_cm":1148,"tombstone:villager_killed":1,"minecraft:jump":92,"minecraft:walk_on_water_one_cm":400,"minecraft:total_world_time":65335,"minecraft:fall_one_cm":2456},"minecraft:used":{"exdeorum:oak_sieve":2,"minecraft:wheat_seeds":6,"minecraft:water_bucket":2,"minecraft:rose_bush":2,"minecraft:chest":11,"exdeorum:crook":138,"minecraft:oak_leaves":89,"minecraft:torch":14,"minecraft:sand":25,"minecraft:dirt":36,"minecraft:oak_slab":58,"minecraft:crafting_table":1,"exdeorum:silk_worm":3,"exdeorum:dust":24,"minecraft:wooden_axe":12,"exdeorum:oak_barrel":3,"minecraft:lava_bucket":2,"minecraft:gravel":6,"minecraft:wooden_sword":6,"exdeorum:oak_crucible":1,"minecraft:cobblestone":6,"exdeorum:stone_hammer":41,"minecraft:oak_sapling":8,"minecraft:bucket":3,"exdeorum:compressed_stone_hammer":13,"minecraft:cooked_beef":2,"minecraft:coarse_dirt":5},"minecraft:broken":{"exdeorum:crook":1}},"DataVersion":3465}