{"stats":{"minecraft:picked_up":{"minecraft:cooked_beef":27,"minecraft:stick":49,"exdeorum:basalt_pebble":53,"exdeorum:deepslate_pebble":45,"minecraft:torch":11,"minecraft:gravel":6,"minecraft:enchanted_book":1,"minecraft:oak_log":28,"botania:orange_petal":1,"exdeorum:stone_hammer":4,"exdeorum:blackstone_pebble":41,"minecraft:string":8,"minecraft:dirt":60,"exdeorum:granite_pebble":59,"exdeorum:silk_worm":2,"minecraft:apple":1,"exdeorum:diorite_pebble":40,"exdeorum:stone_pebble":117,"minecraft:rose_bush":1,"exdeorum:andesite_pebble":34,"minecraft:oak_sapling":16,"minecraft:cobblestone":13},"minecraft:dropped":{"exdeorum:basalt_pebble":1,"minecraft:cooked_beef":24,"minecraft:oak_log":1,"exdeorum:deepslate_pebble":5,"botania:orange_petal":1,"minecraft:oak_sapling":2,"exdeorum:diorite_pebble":2,"exdeorum:blackstone_pebble":3,"exdeorum:andesite_pebble":2,"exdeorum:stone_pebble":6,"minecraft:stick":43,"exdeorum:stone_hammer":1},"minecraft:mined":{"exdeorum:infested_leaves":8,"minecraft:torch":7,"minecraft:grass_block":26,"minecraft:oak_log":20,"minecraft:chest":1,"minecraft:rose_bush":1,"minecraft:dirt":36,"minecraft:oak_leaves":85},"minecraft:killed":{"minecraft:wandering_trader":1},"minecraft:crafted":{"minecraft:oak_slab":12,"minecraft:oak_planks":22,"minecraft:cobblestone":24,"exdeorum:oak_barrel":2,"minecraft:crafting_table":1,"minecraft:stick":10,"minecraft:chest":6,"exdeorum:oak_sieve":1,"exdeorum:compressed_stone_hammer":1,"allthecompressed:cobblestone_1x":1,"exdeorum:stone_hammer":13,"minecraft:air":136,"exdeorum:crook":1},"minecraft:custom":{"minecraft:time_since_rest":41335,"minecraft:sprint_one_cm":760,"minecraft:walk_one_cm":39851,"minecraft:damage_taken":68,"minecraft:mob_kills":1,"minecraft:drop":20,"minecraft:damage_dealt":530,"minecraft:interact_with_crafting_table":27,"minecraft:talked_to_villager":1,"minecraft:fly_one_cm":740,"minecraft:open_chest":15,"minecraft:crouch_one_cm":5503,"minecraft:play_time":41335,"minecraft:sneak_time":2229,"tombstone:villager_killed":1,"minecraft:jump":30,"minecraft:time_since_death":41335,"minecraft:total_world_time":41335},"minecraft:used":{"exdeorum:oak_sieve":1,"minecraft:wooden_axe":12,"exdeorum:oak_barrel":2,"minecraft:rose_bush":1,"minecraft:chest":6,"exdeorum:crook":107,"minecraft:torch":13,"minecraft:wooden_sword":6,"minecraft:dirt":36,"minecraft:crafting_table":1,"minecraft:oak_sapling":5,"exdeorum:silk_worm":1}},"DataVersion":3465}