{"stats":{"minecraft:picked_up":{"croptopia:toast":1,"exdeorum:gold_ore_chunk":2,"minecraft:coarse_dirt":9,"minecraft:wheat":16,"exdeorum:dust":37,"minecraft:clay_ball":28,"minecraft:lead":2,"minecraft:enchanted_book":1,"exdeorum:iron_ore_chunk":17,"exdeorum:stone_hammer":4,"exdeorum:oak_barrel":1,"exdeorum:blackstone_pebble":109,"minecraft:string":428,"exdeorum:granite_pebble":104,"exdeorum:string_mesh":3,"minecraft:wooden_sword":1,"minecraft:cobbled_deepslate":1,"minecraft:rose_bush":2,"exdeorum:zinc_ore_chunk":3,"minecraft:iron_nugget":1,"minecraft:chest":1,"xycraft_world:xychorium_gem_green":1,"minecraft:phantom_membrane":4,"minecraft:stick":80,"minecraft:raw_iron":1,"minecraft:torch":16,"tombstone:grave_dust":1,"minecraft:pointed_dripstone":10,"minecraft:black_dye":1,"exdeorum:silk_worm":18,"xycraft_world:xychorium_gem_blue":1,"exdeorum:unfired_porcelain_crucible":4,"exdeorum:diorite_pebble":88,"exdeorum:tin_ore_chunk":12,"exdeorum:andesite_pebble":87,"exdeorum:crushed_deepslate":18,"minecraft:cobblestone":17,"exdeorum:osmium_ore_chunk":4,"exdeorum:basalt_pebble":104,"minecraft:cooked_beef":27,"minecraft:water_bucket":1,"minecraft:ice":1,"minecraft:flint":28,"minecraft:oak_log":219,"botania:orange_petal":1,"minecraft:ancient_debris":1,"exdeorum:nickel_ore_chunk":5,"minecraft:lapis_lazuli":4,"minecraft:dirt":217,"immersiveengineering:hemp_fiber":9,"minecraft:apple":4,"minecraft:wheat_seeds":49,"exdeorum:stone_pebble":452,"exdeorum:oak_sieve":3,"minecraft:stone_pickaxe":1,"exdeorum:wood_chippings":58,"alltheores:tin_ingot":1,"minecraft:oak_planks":3,"dankstorage:dank_1":2,"exdeorum:crushed_blackstone":2,"minecraft:oak_slab":23,"exdeorum:deepslate_pebble":110,"exdeorum:lead_ore_chunk":5,"minecraft:gravel":111,"minecraft:sand":38,"exdeorum:silver_ore_chunk":5,"minecraft:barrel":1,"xycraft_world:xychorium_gem_light":1,"exdeorum:aluminum_ore_chunk":1,"minecraft:clay":3,"immersiveengineering:seed":4,"exdeorum:copper_ore_chunk":7,"minecraft:oak_sapling":71,"minecraft:coal":7,"minecraft:oak_leaves":98},"minecraft:dropped":{"exdeorum:basalt_pebble":7,"minecraft:clay":3,"xycraft_world:xychorium_gem_green":1,"dankstorage:dank_1":4,"minecraft:oak_slab":8,"minecraft:black_dye":1,"minecraft:wheat_seeds":5,"minecraft:cooked_beef":24,"minecraft:oak_log":1,"exdeorum:deepslate_pebble":10,"pickletweaks:flint_shears":1,"minecraft:cobblestone":2,"exdeorum:iron_ore_chunk":4,"exdeorum:osmium_ore_chunk":1,"minecraft:coal":3,"alltheores:tin_ingot":1,"minecraft:stick":44,"minecraft:flint":5,"minecraft:dirt":6,"minecraft:wooden_axe":1,"minecraft:rose_bush":1,"botania:orange_petal":1,"exdeorum:crook":1,"minecraft:wooden_sword":2,"exdeorum:granite_pebble":3,"minecraft:string":5,"exdeorum:stone_pebble":24,"xycraft_world:xychorium_gem_light":1,"minecraft:gravel":2,"minecraft:ancient_debris":1,"minecraft:cobbled_deepslate":1,"minecraft:coarse_dirt":20,"exdeorum:string_mesh":1,"minecraft:pointed_dripstone":9,"xycraft_world:xychorium_gem_blue":1,"minecraft:oak_planks":20,"exdeorum:crushed_deepslate":18,"exdeorum:tin_ore_chunk":5,"minecraft:charcoal":8,"minecraft:wooden_shovel":2,"minecraft:oak_sapling":2,"exdeorum:diorite_pebble":2,"minecraft:barrel":1,"exdeorum:andesite_pebble":6,"exdeorum:blackstone_pebble":66,"immersiveengineering:seed":2,"exdeorum:stone_hammer":1},"minecraft:mined":{"minecraft:farmland":37,"minecraft:oak_sapling":2,"minecraft:grass_block":26,"immersiveengineering:hemp":1,"minecraft:iron_ore":1,"minecraft:cobbled_deepslate":1,"exdeorum:oak_sieve":3,"minecraft:oak_slab":35,"exdeorum:infested_leaves":1011,"exdeorum:unfired_porcelain_crucible":4,"minecraft:clay":7,"minecraft:torch":11,"minecraft:chest":2,"minecraft:rose_bush":2,"minecraft:cobblestone":15,"minecraft:coarse_dirt":10,"minecraft:wheat":10,"exdeorum:dust":24,"minecraft:grass":7,"minecraft:oak_log":108,"exdeorum:oak_barrel":1,"minecraft:gravel":7,"minecraft:dirt":144,"minecraft:sand":25,"allthecompressed:cobblestone_1x":7,"minecraft:oak_leaves":237},"minecraft:killed":{"minecraft:phantom":4,"minecraft:wandering_trader":1,"minecraft:trader_llama":1},"minecraft:crafted":{"minecraft:coarse_dirt":16,"minecraft:oak_planks":141,"minecraft:barrel":2,"minecraft:cobbled_deepslate":9,"minecraft:furnace":1,"exdeorum:unfired_porcelain_crucible":2,"minecraft:bone_meal":2,"allthecompressed:cobblestone_1x":8,"minecraft:granite":12,"minecraft:basalt":11,"exdeorum:string_mesh":6,"minecraft:stone_pickaxe":1,"minecraft:chest":13,"exdeorum:stone_hammer":13,"exdeorum:porcelain_crucible":2,"dankstorage:dank_1":2,"minecraft:oak_slab":123,"minecraft:wooden_shovel":2,"exdeorum:oak_barrel":2,"minecraft:crafting_table":1,"pickletweaks:flint_shears":1,"exdeorum:compressed_stone_hammer":1,"minecraft:campfire":2,"minecraft:stone_axe":1,"minecraft:diorite":9,"minecraft:air":1355,"exdeorum:crook":9,"exdeorum:oak_crucible":1,"exdeorum:porcelain_clay_ball":14,"minecraft:white_wool":11,"minecraft:charcoal":26,"minecraft:cobblestone":96,"exdeorum:flint_mesh":6,"minecraft:stick":18,"minecraft:iron_ingot":3,"minecraft:blackstone":7,"minecraft:iron_ore":3,"exdeorum:oak_sieve":6,"minecraft:white_bed":2,"minecraft:andesite":7},"minecraft:custom":{"minecraft:mob_kills":6,"minecraft:interact_with_crafting_table":89,"minecraft:open_barrel":1,"minecraft:time_since_death":49018,"minecraft:sprint_one_cm":74350,"minecraft:walk_one_cm":324293,"minecraft:drop":106,"minecraft:talked_to_villager":2,"minecraft:play_time":161335,"minecraft:deaths":1,"minecraft:sneak_time":12817,"minecraft:walk_under_water_one_cm":5254,"minecraft:jump":443,"minecraft:walk_on_water_one_cm":1769,"minecraft:total_world_time":161335,"minecraft:interact_with_furnace":24,"tombstone:raider_killed":4,"minecraft:sleep_in_bed":2,"minecraft:time_since_rest":47663,"minecraft:damage_taken":1281,"minecraft:damage_dealt":1736,"minecraft:fly_one_cm":45872,"minecraft:open_chest":205,"minecraft:crouch_one_cm":31766,"tombstone:undead_killed":4,"tombstone:villager_killed":1,"minecraft:fall_one_cm":47606},"minecraft:used":{"minecraft:rose_bush":2,"minecraft:chest":14,"exdeorum:crook":1031,"allthecompressed:cobblestone_1x":7,"minecraft:wooden_shovel":114,"minecraft:torch":27,"minecraft:dirt":107,"exdeorum:silk_worm":9,"exdeorum:unfired_porcelain_crucible":4,"minecraft:wooden_axe":201,"minecraft:lava_bucket":2,"exdeorum:porcelain_crucible":2,"exdeorum:stone_hammer":77,"minecraft:furnace":1,"minecraft:oak_sapling":48,"tombstone:gift":1,"minecraft:cooked_beef":12,"exdeorum:oak_sieve":10,"minecraft:wheat_seeds":6,"minecraft:water_bucket":2,"minecraft:iron_ore":1,"minecraft:oak_planks":12,"minecraft:stone_pickaxe":5,"minecraft:clay":7,"minecraft:oak_leaves":98,"minecraft:sand":25,"minecraft:oak_slab":494,"minecraft:crafting_table":1,"exdeorum:crushed_blackstone":2,"minecraft:campfire":2,"minecraft:white_bed":2,"exdeorum:dust":24,"minecraft:wooden_hoe":13,"exdeorum:oak_barrel":3,"minecraft:gravel":80,"minecraft:stone_axe":24,"minecraft:wooden_sword":17,"exdeorum:oak_crucible":1,"minecraft:cobblestone":15,"minecraft:bucket":3,"exdeorum:compressed_stone_hammer":20,"minecraft:coarse_dirt":92},"minecraft:broken":{"exdeorum:crook":7}},"DataVersion":3465}