{"stats":{"minecraft:picked_up":{"croptopia:toast":1,"exdeorum:gold_ore_chunk":2,"minecraft:charcoal":4,"minecraft:coarse_dirt":9,"minecraft:wheat":16,"exdeorum:dust":37,"minecraft:clay_ball":28,"minecraft:lead":7,"minecraft:enchanted_book":2,"exdeorum:iron_ore_chunk":17,"exdeorum:stone_hammer":4,"exdeorum:oak_barrel":1,"exdeorum:blackstone_pebble":126,"minecraft:string":428,"exdeorum:granite_pebble":120,"exdeorum:string_mesh":3,"minecraft:wooden_sword":1,"functionalstorage:oak_4":1,"mysticalagriculture:inferium_essence":1,"cobblefordays:tier_1":6,"minecraft:cobbled_deepslate":1,"minecraft:rose_bush":2,"minecraft:cobblestone_slab":11,"exdeorum:zinc_ore_chunk":3,"minecraft:iron_nugget":1,"exdeorum:compressed_stone_hammer":2,"minecraft:chest":2,"xycraft_world:xychorium_gem_green":1,"minecraft:phantom_membrane":4,"minecraft:stick":85,"minecraft:raw_iron":1,"exdeorum:porcelain_crucible":3,"minecraft:torch":16,"sophisticatedbackpacks:backpack":2,"exdeorum:tuff_pebble":2,"tombstone:grave_dust":1,"minecraft:pointed_dripstone":107,"minecraft:redstone":2,"minecraft:black_dye":1,"minecraft:howl_pottery_sherd":1,"exdeorum:silk_worm":18,"xycraft_world:xychorium_gem_blue":1,"exdeorum:unfired_porcelain_crucible":4,"exdeorum:diorite_pebble":109,"exdeorum:tin_ore_chunk":12,"exdeorum:andesite_pebble":101,"supplementaries:ash":2,"exdeorum:crushed_deepslate":18,"minecraft:cobblestone":50,"exdeorum:osmium_ore_chunk":4,"exdeorum:basalt_pebble":125,"minecraft:cooked_beef":27,"minecraft:magma_cream":1,"minecraft:water_bucket":1,"minecraft:leather":8,"minecraft:ice":1,"minecraft:flint":29,"minecraft:oak_log":271,"botania:orange_petal":1,"minecraft:ancient_debris":1,"exdeorum:nickel_ore_chunk":5,"minecraft:lapis_lazuli":4,"minecraft:dirt":217,"immersiveengineering:hemp_fiber":9,"minecraft:apple":8,"minecraft:wheat_seeds":49,"exdeorum:stone_pebble":548,"exdeorum:oak_sieve":3,"minecraft:iron_ingot":21,"minecraft:stone_pickaxe":1,"exdeorum:wood_chippings":58,"alltheores:tin_ingot":1,"minecraft:oak_planks":15,"functionalstorage:simple_compacting_drawer":4,"dankstorage:dank_1":3,"exdeorum:crushed_blackstone":2,"minecraft:oak_slab":25,"exdeorum:deepslate_pebble":125,"exdeorum:lead_ore_chunk":5,"exdeorum:flint_mesh":6,"minecraft:gravel":120,"minecraft:sand":38,"exdeorum:silver_ore_chunk":5,"minecraft:barrel":2,"xycraft_world:xychorium_gem_light":1,"cobblefordays:tier_2":2,"exdeorum:aluminum_ore_chunk":1,"minecraft:clay":3,"immersiveengineering:seed":4,"exdeorum:copper_ore_chunk":7,"minecraft:oak_sapling":82,"minecraft:coal":7,"minecraft:oak_leaves":98},"minecraft:dropped":{"exdeorum:basalt_pebble":9,"minecraft:iron_sword":1,"minecraft:clay":3,"xycraft_world:xychorium_gem_green":1,"dankstorage:dank_1":5,"minecraft:oak_slab":8,"minecraft:black_dye":1,"minecraft:wheat_seeds":6,"minecraft:cooked_beef":24,"minecraft:oak_log":1,"exdeorum:deepslate_pebble":10,"pickletweaks:flint_shears":1,"minecraft:cobblestone":50,"exdeorum:iron_ore_chunk":4,"exdeorum:osmium_ore_chunk":1,"minecraft:coal":3,"alltheores:tin_ingot":1,"minecraft:stick":49,"minecraft:flint":10,"minecraft:dirt":6,"minecraft:wooden_axe":1,"minecraft:rose_bush":1,"exdeorum:compressed_stone_hammer":3,"botania:orange_petal":1,"exdeorum:tuff_pebble":2,"exdeorum:crook":1,"minecraft:wooden_sword":2,"exdeorum:granite_pebble":3,"minecraft:string":5,"exdeorum:stone_pebble":28,"xycraft_world:xychorium_storage_light":5,"xycraft_world:xychorium_gem_light":1,"minecraft:gravel":11,"minecraft:stone_axe":1,"minecraft:ancient_debris":1,"minecraft:cobbled_deepslate":1,"minecraft:coarse_dirt":20,"exdeorum:string_mesh":1,"powah:book":1,"minecraft:wheat":1,"minecraft:pointed_dripstone":9,"xycraft_world:xychorium_gem_blue":1,"minecraft:oak_planks":20,"xycraft_world:xychorium_storage_blue":5,"exdeorum:flint_mesh":1,"sophisticatedbackpacks:backpack":3,"minecraft:stone_slab":5,"xycraft_world:xychorium_storage_green":5,"cobblefordays:tier_2":1,"supplementaries:ash":2,"minecraft:stone":4,"exdeorum:crushed_deepslate":18,"exdeorum:tin_ore_chunk":5,"minecraft:charcoal":8,"minecraft:wooden_shovel":2,"minecraft:oak_sapling":3,"exdeorum:diorite_pebble":3,"minecraft:barrel":1,"exdeorum:andesite_pebble":7,"exdeorum:blackstone_pebble":71,"powah:wrench":1,"immersiveengineering:seed":2,"exdeorum:stone_hammer":1},"minecraft:mined":{"minecraft:tuff":1,"minecraft:farmland":37,"minecraft:oak_sapling":2,"xycraft_world:xychorium_storage_light":1,"minecraft:grass_block":26,"cobblefordays:tier_1":6,"immersiveengineering:hemp":1,"minecraft:barrel":1,"minecraft:iron_ore":1,"minecraft:cobbled_deepslate":1,"functionalstorage:oak_4":1,"functionalstorage:simple_compacting_drawer":4,"minecraft:pointed_dripstone":3,"minecraft:cobblestone_slab":19,"exdeorum:oak_sieve":3,"exdeorum:porcelain_crucible":3,"minecraft:oak_slab":39,"exdeorum:infested_leaves":1011,"exdeorum:unfired_porcelain_crucible":4,"minecraft:clay":7,"minecraft:torch":11,"minecraft:chest":3,"minecraft:rose_bush":2,"minecraft:campfire":2,"minecraft:cobblestone":33,"minecraft:oak_planks":12,"minecraft:coarse_dirt":10,"cobblefordays:tier_2":1,"minecraft:wheat":10,"exdeorum:dust":24,"minecraft:grass":7,"minecraft:oak_log":150,"exdeorum:oak_barrel":1,"minecraft:gravel":7,"minecraft:dirt":144,"minecraft:sand":25,"allthecompressed:cobblestone_1x":7,"minecraft:oak_leaves":237},"minecraft:killed":{"minecraft:phantom":4,"minecraft:wandering_trader":3,"minecraft:trader_llama":7},"minecraft:crafted":{"minecraft:coarse_dirt":16,"minecraft:oak_planks":212,"minecraft:cobblestone_slab":53,"functionalstorage:simple_compacting_drawer":1,"minecraft:barrel":2,"minecraft:cobbled_deepslate":9,"minecraft:furnace":1,"minecraft:piston":1,"minecraft:stone":26,"exdeorum:unfired_porcelain_crucible":2,"minecraft:bone_meal":2,"allthecompressed:cobblestone_1x":8,"minecraft:granite":12,"minecraft:basalt":11,"minecraft:glass":8,"exdeorum:string_mesh":13,"minecraft:stone_pickaxe":1,"minecraft:chest":20,"exdeorum:stone_hammer":20,"exdeorum:iron_mesh":7,"exdeorum:porcelain_crucible":2,"dankstorage:dank_1":2,"cobblefordays:tier_2":1,"exdeorum:stone_barrel":1,"minecraft:oak_slab":187,"minecraft:wooden_shovel":2,"sophisticatedbackpacks:backpack":1,"exdeorum:oak_barrel":2,"minecraft:crafting_table":1,"pickletweaks:flint_shears":1,"functionalstorage:oak_4":4,"exdeorum:compressed_stone_hammer":2,"minecraft:campfire":2,"minecraft:stone_axe":2,"minecraft:diorite":9,"cobblefordays:tier_1":1,"minecraft:air":2283,"exdeorum:crook":9,"exdeorum:oak_crucible":1,"exdeorum:porcelain_clay_ball":14,"minecraft:white_wool":11,"minecraft:charcoal":26,"minecraft:cobblestone":119,"exdeorum:flint_mesh":13,"minecraft:stick":30,"minecraft:stone_slab":6,"minecraft:iron_ingot":10,"minecraft:blackstone":7,"minecraft:gold_ingot":6,"minecraft:iron_ore":3,"exdeorum:oak_sieve":11,"minecraft:white_bed":2,"minecraft:andesite":7},"minecraft:custom":{"minecraft:mob_kills":14,"minecraft:interact_with_crafting_table":125,"minecraft:open_barrel":3,"minecraft:time_since_death":115018,"minecraft:sprint_one_cm":132651,"minecraft:walk_one_cm":456872,"minecraft:drop":152,"minecraft:talked_to_villager":7,"minecraft:play_time":227335,"minecraft:deaths":1,"minecraft:sneak_time":16371,"minecraft:walk_under_water_one_cm":7420,"minecraft:jump":693,"minecraft:walk_on_water_one_cm":2288,"minecraft:total_world_time":227335,"minecraft:interact_with_furnace":54,"tombstone:raider_killed":4,"minecraft:sleep_in_bed":3,"minecraft:time_since_rest":19642,"minecraft:damage_taken":1341,"minecraft:damage_dealt":3601,"minecraft:fly_one_cm":76679,"minecraft:open_chest":277,"minecraft:crouch_one_cm":38763,"tombstone:undead_killed":4,"tombstone:villager_killed":3,"minecraft:fall_one_cm":56593},"minecraft:used":{"minecraft:rose_bush":2,"minecraft:chest":17,"exdeorum:crook":1031,"allthecompressed:cobblestone_1x":7,"minecraft:wooden_shovel":114,"minecraft:torch":30,"minecraft:dirt":107,"cobblefordays:tier_2":2,"exdeorum:silk_worm":9,"exdeorum:unfired_porcelain_crucible":4,"functionalstorage:simple_compacting_drawer":5,"supplementaries:pedestal":1,"minecraft:wooden_axe":201,"minecraft:lava_bucket":6,"minecraft:barrel":1,"exdeorum:porcelain_crucible":5,"cobblefordays:tier_1":6,"exdeorum:stone_hammer":77,"minecraft:furnace":1,"minecraft:oak_sapling":58,"tombstone:gift":1,"minecraft:cooked_beef":14,"exdeorum:oak_sieve":15,"minecraft:wheat_seeds":6,"minecraft:water_bucket":4,"minecraft:iron_ore":1,"minecraft:oak_planks":12,"minecraft:stone_pickaxe":60,"minecraft:cobblestone_slab":152,"minecraft:clay":7,"minecraft:oak_leaves":98,"minecraft:sand":25,"minecraft:oak_slab":524,"minecraft:crafting_table":1,"exdeorum:crushed_blackstone":2,"minecraft:campfire":2,"minecraft:white_bed":2,"exdeorum:stone_barrel":1,"exdeorum:dust":24,"minecraft:wooden_hoe":13,"exdeorum:oak_barrel":3,"functionalstorage:oak_4":1,"allthecompressed:sand_1x":1,"allthecompressed:gravel_1x":1,"minecraft:gravel":80,"minecraft:stone_axe":112,"minecraft:wooden_sword":17,"exdeorum:oak_crucible":1,"minecraft:cobblestone":33,"minecraft:bucket":7,"exdeorum:compressed_stone_hammer":20,"minecraft:coarse_dirt":92},"minecraft:broken":{"exdeorum:crook":7}},"DataVersion":3465}