{"stats":{"minecraft:picked_up":{"minecraft:oak_log":2,"minecraft:dirt":22},"minecraft:mined":{"minecraft:grass_block":11,"minecraft:oak_log":2,"minecraft:dirt":11},"minecraft:custom":{"minecraft:jump":2,"minecraft:time_since_rest":5335,"minecraft:crouch_one_cm":485,"minecraft:sprint_one_cm":295,"minecraft:play_time":5335,"minecraft:time_since_death":5335,"minecraft:walk_one_cm":2174,"minecraft:sneak_time":212,"minecraft:total_world_time":5335},"minecraft:used":{"minecraft:dirt":1}},"DataVersion":3465}