{"stats":{"minecraft:picked_up":{"minecraft:coarse_dirt":9,"minecraft:wheat":5,"exdeorum:basalt_pebble":59,"minecraft:cooked_beef":27,"exdeorum:dust":37,"minecraft:clay_ball":28,"minecraft:ice":1,"exdeorum:iron_ore_chunk":3,"minecraft:enchanted_book":1,"minecraft:flint":12,"minecraft:ancient_debris":1,"botania:orange_petal":1,"minecraft:oak_log":40,"exdeorum:stone_hammer":4,"exdeorum:oak_barrel":1,"exdeorum:blackstone_pebble":47,"minecraft:dirt":72,"minecraft:string":90,"exdeorum:string_mesh":3,"exdeorum:granite_pebble":62,"immersiveengineering:hemp_fiber":4,"minecraft:apple":1,"minecraft:wheat_seeds":18,"exdeorum:oak_sieve":3,"exdeorum:stone_pebble":127,"minecraft:rose_bush":2,"minecraft:iron_nugget":1,"minecraft:chest":1,"exdeorum:crushed_blackstone":2,"minecraft:stick":52,"exdeorum:deepslate_pebble":47,"minecraft:torch":13,"minecraft:gravel":22,"minecraft:sand":30,"minecraft:black_dye":1,"exdeorum:silk_worm":5,"minecraft:clay":3,"immersiveengineering:seed":2,"exdeorum:diorite_pebble":40,"exdeorum:tin_ore_chunk":5,"exdeorum:andesite_pebble":37,"minecraft:oak_sapling":19,"minecraft:coal":1,"exdeorum:osmium_ore_chunk":1,"minecraft:oak_leaves":98,"minecraft:cobblestone":13,"croptopia:toast":1},"minecraft:dropped":{"minecraft:gravel":2,"exdeorum:basalt_pebble":7,"minecraft:clay":3,"minecraft:oak_slab":7,"minecraft:black_dye":1,"minecraft:ancient_debris":1,"minecraft:wheat_seeds":5,"exdeorum:string_mesh":1,"minecraft:cooked_beef":24,"minecraft:oak_log":1,"exdeorum:deepslate_pebble":7,"minecraft:coarse_dirt":20,"pickletweaks:flint_shears":1,"minecraft:oak_planks":18,"exdeorum:iron_ore_chunk":3,"exdeorum:osmium_ore_chunk":1,"minecraft:stick":44,"minecraft:flint":3,"minecraft:dirt":4,"exdeorum:tin_ore_chunk":5,"minecraft:rose_bush":1,"botania:orange_petal":1,"minecraft:oak_sapling":2,"exdeorum:diorite_pebble":2,"exdeorum:granite_pebble":3,"exdeorum:blackstone_pebble":9,"exdeorum:andesite_pebble":5,"immersiveengineering:seed":2,"minecraft:string":5,"exdeorum:stone_pebble":16,"exdeorum:stone_hammer":1},"minecraft:mined":{"exdeorum:infested_leaves":255,"minecraft:clay":7,"minecraft:torch":8,"minecraft:grass_block":26,"minecraft:chest":2,"minecraft:rose_bush":2,"minecraft:cobblestone":6,"minecraft:coarse_dirt":9,"exdeorum:dust":24,"minecraft:grass":7,"minecraft:oak_log":31,"exdeorum:oak_barrel":1,"minecraft:sand":25,"minecraft:dirt":36,"exdeorum:oak_sieve":3,"minecraft:oak_leaves":237},"minecraft:killed":{"minecraft:wandering_trader":1},"minecraft:crafted":{"minecraft:coarse_dirt":4,"minecraft:oak_slab":26,"minecraft:oak_planks":49,"exdeorum:oak_barrel":2,"minecraft:crafting_table":1,"minecraft:cobbled_deepslate":9,"pickletweaks:flint_shears":1,"exdeorum:compressed_stone_hammer":1,"minecraft:bone_meal":2,"allthecompressed:cobblestone_1x":1,"minecraft:diorite":9,"minecraft:air":322,"exdeorum:porcelain_clay_ball":6,"exdeorum:crook":4,"exdeorum:oak_crucible":1,"minecraft:granite":12,"minecraft:basalt":11,"minecraft:cobblestone":24,"exdeorum:flint_mesh":2,"exdeorum:string_mesh":3,"minecraft:stick":10,"minecraft:blackstone":7,"minecraft:chest":13,"exdeorum:oak_sieve":2,"minecraft:andesite":7,"exdeorum:stone_hammer":13},"minecraft:custom":{"minecraft:interact_with_furnace":1,"minecraft:mob_kills":1,"minecraft:interact_with_crafting_table":56,"minecraft:time_since_death":77335,"minecraft:time_since_rest":77335,"minecraft:sprint_one_cm":2056,"minecraft:damage_taken":329,"minecraft:walk_one_cm":119185,"minecraft:drop":65,"minecraft:damage_dealt":530,"minecraft:talked_to_villager":1,"minecraft:fly_one_cm":924,"minecraft:open_chest":107,"minecraft:crouch_one_cm":12858,"minecraft:play_time":77335,"minecraft:sneak_time":4007,"minecraft:walk_under_water_one_cm":1148,"tombstone:villager_killed":1,"minecraft:jump":120,"minecraft:walk_on_water_one_cm":426,"minecraft:total_world_time":77335,"minecraft:fall_one_cm":2940},"minecraft:used":{"exdeorum:oak_sieve":5,"minecraft:wheat_seeds":6,"minecraft:water_bucket":2,"minecraft:rose_bush":2,"minecraft:chest":14,"exdeorum:crook":275,"minecraft:clay":7,"minecraft:oak_leaves":98,"minecraft:torch":14,"minecraft:sand":25,"minecraft:dirt":36,"minecraft:oak_slab":63,"minecraft:crafting_table":1,"exdeorum:crushed_blackstone":2,"exdeorum:silk_worm":4,"exdeorum:dust":24,"minecraft:wooden_axe":12,"exdeorum:oak_barrel":3,"minecraft:lava_bucket":2,"minecraft:gravel":8,"minecraft:wooden_sword":6,"exdeorum:oak_crucible":1,"minecraft:cobblestone":6,"exdeorum:stone_hammer":49,"minecraft:oak_sapling":8,"minecraft:bucket":3,"exdeorum:compressed_stone_hammer":13,"minecraft:cooked_beef":3,"minecraft:coarse_dirt":5},"minecraft:broken":{"exdeorum:crook":2}},"DataVersion":3465}