{"stats":{"minecraft:picked_up":{"minecraft:iron_chestplate":1,"exdeorum:dust":1273,"minecraft:chainmail_boots":1,"minecraft:lead":24,"allthecompressed:basalt_1x":2,"minecraft:enchanted_book":3,"exdeorum:iron_ore_chunk":577,"comforts:hammock_white":1,"exdeorum:stone_hammer":16,"minecraft:polished_deepslate":1,"minecraft:string":802,"pipez:energy_pipe":44,"create:water_wheel":1,"mysticalagriculture:inferium_essence":24,"minecraft:cobbled_deepslate":5,"alltheores:lead_ingot":4,"exdeorum:oak_crucible":1,"minecraft:acacia_log":31,"create:andesite_casing":32,"minecraft:black_dye":1,"minecraft:stone_sword":1,"supplementaries:ash":5,"mekanism:basic_fluid_tank":2,"minecraft:cooked_beef":27,"minecraft:water_bucket":1,"minecraft:acacia_leaves":86,"enderio:grains_of_infinity":233,"minecraft:flint":174,"exdeorum:nickel_ore_chunk":141,"mekanism:alloy_reinforced":12,"create:shaft":2,"mekanism:ultimate_control_circuit":1,"minecraft:glowstone_dust":208,"alltheores:nickel_ore":320,"exdeorum:crushed_blackstone":16,"mekanism:metallurgic_infuser":12,"patchouli:guide_book":1,"xycraft_world:xychorium_gem_red":92,"exmachinis:flux_hammer":10,"forcecraft:baconator":1,"exdeorum:flint_mesh":6,"sophisticatedbackpacks:iron_backpack":1,"minecraft:barrel":2,"xycraft_world:xychorium_gem_dark":154,"minecraft:bundle":3,"thermal:device_rock_gen":2,"exdeorum:diamond_mesh":14,"minecraft:lever":1,"minecraft:granite":31,"alltheores:zinc_ingot":191,"exdeorum:copper_ore_chunk":180,"minecraft:diamond_pickaxe":4,"croptopia:toast":1,"exdeorum:gold_ore_chunk":155,"minecraft:coarse_dirt":9,"alltheores:osmium_ingot":15,"minecraft:crafting_table":2,"minecraft:clay_ball":28,"minecraft:leather_leggings":2,"exdeorum:granite_pebble":184,"sophisticatedstorage:advanced_compacting_upgrade":3,"minecraft:white_carpet":12,"exdeorum:iron_mesh":12,"exdeorum:zinc_ore_chunk":113,"minecraft:iron_nugget":1,"exdeorum:compressed_stone_hammer":2,"allthecompressed:cobblestone_1x":30,"minecraft:chest":21,"xycraft_machines:extractor":17,"minecraft:egg":17,"minecraft:copper_ore":43,"minecraft:stone":1,"pipez:item_pipe":54,"supplementaries:pedestal":1,"sophisticatedbackpacks:backpack":3,"exdeorum:tuff_pebble":2,"minecraft:carrot":3,"minecraft:redstone":216,"exmachinis:flux_sieve":15,"exdeorum:silk_worm":28,"thermal:machine_smelter":2,"tombstone:essence_of_undeath":1,"exdeorum:andesite_pebble":167,"alltheores:iron_dust":15,"minecraft:gold_ingot":158,"alltheores:raw_osmium":42,"exdeorum:crushed_deepslate":18,"minecraft:white_wool":4,"minecraft:stripped_oak_log":12,"rftoolspower:coalgenerator":14,"forcecraft:force_gem":211,"exdeorum:compressed_iron_hammer":1,"minecraft:oak_log":653,"botania:orange_petal":1,"minecraft:ancient_debris":1,"functionalstorage:storage_controller":2,"pipez:universal_pipe":13,"rftoolsstorage:storage_module2":1,"comforts:rope_and_nail":8,"pickletweaks:flint_boots":1,"minecraft:apple":17,"exdeorum:stone_pebble":1047,"minecraft:stone_pickaxe":1,"minecraft:iron_ore":98,"exdeorum:wood_chippings":58,"tombstone:bag_of_seeds":2,"minecraft:iron_sword":1,"dankstorage:dank_1":4,"exdeorum:deepslate_pebble":222,"exdeorum:lead_ore_chunk":118,"minecraft:gravel":3559,"forcecraft:recovery_heart":5,"exdeorum:silver_ore_chunk":136,"forbidden_arcanus:arcane_crystal":89,"exdeorum:aluminum_ore_chunk":106,"immersiveengineering:seed":4,"minecraft:diamond_axe":1,"alltheores:raw_silver":7,"minecraft:hopper":13,"minecraft:ender_pearl":1,"exdeorum:mycelium_spores":2,"minecraft:wheat":57,"minecraft:redstone_block":1,"minecraft:iron_trapdoor":1,"minecraft:raw_copper":42,"minecraft:armor_stand":1,"reliquary:zombie_heart":1,"minecraft:red_sand":1,"cobblefordays:tier_1":6,"minecraft:bucket":3,"minecraft:rose_bush":4,"minecraft:cobblestone_slab":151,"minecraft:wooden_shovel":1,"minecraft:iron_pickaxe":1,"xycraft_world:xychorium_gem_green":198,"minecraft:furnace":5,"minecraft:stick":213,"apotheosis:gem":9,"minecraft:torch":48,"xycraft_world:kivi_bricks":73,"tombstone:grave_dust":14,"minecraft:pointed_dripstone":111,"minecraft:diorite":4,"create:large_cogwheel":1,"minecraft:quartz_block":2,"minecraft:cactus":34,"minecraft:rotten_flesh":74,"silentgear:leather_scrap":7,"summoningrituals:altar":1,"xycraft_world:kivi":1,"exdeorum:tin_ore_chunk":140,"minecraft:obsidian":7,"minecraft:blaze_powder":78,"minecraft:cobblestone":1193,"exdeorum:osmium_ore_chunk":105,"mekanismtools:refined_glowstone_leggings":1,"minecraft:leather_chestplate":1,"exdeorum:basalt_pebble":215,"exdeorum:stone_barrel":8,"minecraft:magma_cream":1,"minecraft:andesite":2,"minecraft:potato":149,"minecraft:lapis_lazuli":182,"minecraft:dirt":280,"immersiveengineering:hemp_fiber":9,"minecraft:leather_boots":2,"minecraft:glass":32,"minecraft:bone":43,"minecraft:bow":7,"minecraft:wheat_seeds":122,"everlastingabilities:ability_totem":4,"alltheores:tin_ingot":1,"minecraft:oak_planks":77,"exmachinis:diamond_upgrade":15,"create:cogwheel":2,"minecraft:poisonous_potato":1,"minecraft:sand":1499,"integrateddynamics:squeezer":6,"minecraft:diamond_block":5,"mekanism:basic_control_circuit":2,"forbidden_arcanus:ender_pearl_fragment":2,"xycraft_world:xychorium_gem_light":92,"minecraft:clay":28,"minecraft:diamond":117,"cobblefordays:tier_2":6,"minecraft:bone_meal":126,"minecraft:emerald":72,"minecraft:oak_sapling":219,"minecraft:netherrack":7,"minecraft:oak_leaves":98,"functionalstorage:oak_1":9,"minecraft:charcoal":14,"minecraft:turtle_helmet":2,"minecraft:wooden_pickaxe":1,"minecraft:gold_block":2,"exdeorum:oak_barrel":4,"exdeorum:blackstone_pebble":199,"minecraft:oak_trapdoor":1,"exdeorum:string_mesh":3,"minecraft:iron_axe":1,"minecraft:wooden_sword":1,"minecraft:item_frame":1,"functionalstorage:oak_4":1,"reliquary:chelicerae":1,"minecraft:blackstone":7,"sophisticatedstorage:barrel":1,"minecraft:sugar_cane":5,"sophisticatedstorage:iron_chest":3,"minecraft:phantom_membrane":4,"minecraft:raw_iron":205,"reliquary:catalyzing_gland":2,"exdeorum:porcelain_crucible":7,"minecraft:copper_ingot":341,"minecraft:trident":2,"minecraft:howl_pottery_sherd":1,"minecraft:arrow":45,"xycraft_world:xychorium_gem_blue":112,"exdeorum:unfired_porcelain_crucible":4,"ae2:certus_quartz_dust":267,"exdeorum:diorite_pebble":171,"exdeorum:crushed_netherrack":2,"minecraft:basalt":3,"minecraft:leather":29,"minecraft:ice":2,"minecraft:chainmail_chestplate":1,"minecraft:gunpowder":196,"ironfurnaces:upgrade_iron":1,"mekanism:salt":243,"minecraft:red_carpet":1,"ae2:sky_dust":122,"exdeorum:oak_sieve":20,"minecraft:iron_ingot":204,"minecraft:soul_sand":2,"minecraft:acacia_sapling":6,"functionalstorage:simple_compacting_drawer":6,"minecraft:oak_slab":281,"minecraft:dripstone_block":6,"minecraft:lava_bucket":1,"minecraft:amethyst_shard":71,"minecraft:gold_ore":18,"minecraft:spider_eye":14,"rftoolsstorage:modular_storage":3,"create:wheat_flour":10,"mekanismgenerators:wind_generator":8,"create:encased_fan":2,"tombstone:magic_scroll":1,"minecraft:coal":290,"alltheores:copper_ore_hammer":1},"minecraft:used":{"rftoolspower:coalgenerator":15,"minecraft:chest":44,"minecraft:rotten_flesh":8,"minecraft:soul_sand":1,"create:white_sail":37,"minecraft:acacia_sapling":3,"minecraft:lava_bucket":39,"minecraft:copper_ore":5,"exdeorum:crushed_netherrack":2,"summoningrituals:altar":1,"ironfurnaces:iron_furnace":2,"minecraft:bow":26,"create:shaft":43,"minecraft:oak_sapling":103,"minecraft:furnace":12,"minecraft:egg":11,"minecraft:potato":21,"minecraft:cactus":3,"minecraft:leather_chestplate":1,"minecraft:clay":7,"minecraft:oak_leaves":98,"minecraft:sand":1337,"rftoolsstorage:modular_storage":5,"minecraft:acacia_leaves":38,"xycraft_world:kivi_bricks":306,"exdeorum:oak_crucible":2,"minecraft:coal_block":1,"minecraft:wooden_sword":17,"create:basin":2,"exmachinis:flux_sieve":18,"minecraft:oak_trapdoor":1,"pickletweaks:flint_boots":1,"minecraft:acacia_log":8,"minecraft:armor_stand":2,"exdeorum:crook":1666,"minecraft:netherrack":7,"minecraft:torch":83,"exdeorum:witch_water_bucket":1,"minecraft:chainmail_chestplate":1,"exdeorum:unfired_porcelain_crucible":4,"supplementaries:pedestal":2,"create:wrench":143,"minecraft:iron_axe":234,"minecraft:barrel":2,"create:encased_chain_drive":4,"cobblefordays:tier_1":6,"minecraft:iron_trapdoor":4,"constructionwand:diamond_wand":302,"tombstone:gift":4,"exdeorum:oak_sieve":29,"minecraft:wheat_seeds":10,"xycraft_machines:extractor":22,"minecraft:water_bucket":95,"create:encased_fan":5,"minecraft:oak_slab":1070,"minecraft:crafting_table":4,"minecraft:white_bed":2,"minecraft:campfire":2,"minecraft:oak_log":54,"minecraft:diamond_pickaxe":646,"allthecompressed:sand_1x":1,"allthecompressed:gravel_1x":1,"minecraft:iron_pickaxe":456,"create:water_wheel":4,"thermal:machine_smelter":2,"sophisticatedstorage:barrel":1,"minecraft:cobblestone":2032,"sophisticatedstorage:iron_chest":12,"minecraft:red_sand":1,"minecraft:polished_deepslate":1,"mekanism:basic_fluid_tank":6,"minecraft:iron_sword":61,"allthecompressed:cobblestone_1x":302,"comforts:hammock_white":3,"create:cogwheel":80,"minecraft:milk_bucket":2,"minecraft:obsidian":2,"integrateddynamics:squeezer":5,"xycraft_world:kivi":7,"mekanismgenerators:wind_generator":14,"minecraft:iron_helmet":1,"create:millstone":1,"minecraft:item_frame":2,"pipez:item_pipe":177,"minecraft:stone_pickaxe":78,"minecraft:oak_planks":29,"minecraft:diamond_axe":706,"minecraft:sugar_cane":2,"minecraft:white_wool":17,"minecraft:dripstone_block":10,"functionalstorage:storage_controller":2,"sophisticatedstorage:basic_tier_upgrade":1,"sophisticatedbackpacks:backpack":1,"minecraft:lever":3,"exdeorum:oak_barrel":6,"minecraft:bread":5,"mekanism:metallurgic_infuser":12,"create:andesite_casing":11,"minecraft:gravel":3329,"exmachinis:flux_hammer":13,"functionalstorage:oak_1":14,"minecraft:andesite":4,"exdeorum:compressed_stone_hammer":277,"create:vertical_gearbox":7,"minecraft:coarse_dirt":92,"exdeorum:mycelium_spores":1,"create:large_cogwheel":31,"minecraft:trident":207,"minecraft:rose_bush":3,"minecraft:flint_and_steel":7,"thermal:device_rock_gen":4,"minecraft:wooden_shovel":114,"minecraft:dirt":139,"create:mechanical_mixer":2,"minecraft:hopper":13,"cobblefordays:tier_2":7,"alltheores:osmium_ore":14,"exdeorum:silk_worm":9,"functionalstorage:simple_compacting_drawer":8,"minecraft:wooden_axe":201,"exdeorum:porcelain_crucible":9,"exdeorum:stone_hammer":605,"minecraft:cooked_beef":35,"minecraft:iron_ore":81,"minecraft:baked_potato":70,"minecraft:cobblestone_slab":1263,"exdeorum:crushed_blackstone":2,"exdeorum:stone_barrel":9,"exdeorum:dust":1265,"tombstone:bag_of_seeds":1,"minecraft:wooden_hoe":13,"functionalstorage:oak_4":1,"create:windmill_bearing":2,"minecraft:stone_axe":458,"exdeorum:diamond_hammer":3350,"comforts:rope_and_nail":12,"minecraft:bucket":156,"pipez:energy_pipe":63},"minecraft:custom":{"minecraft:interact_with_crafting_table":435,"minecraft:open_barrel":35,"minecraft:leave_game":5,"minecraft:time_since_death":240224,"minecraft:play_time":1187962,"minecraft:deaths":7,"minecraft:jump":6303,"minecraft:interact_with_furnace":413,"minecraft:traded_with_villager":1,"minecraft:sleep_in_bed":18,"minecraft:damage_dealt":24007,"tombstone:undead_killed":55,"minecraft:horse_one_cm":75,"minecraft:inspect_hopper":39,"minecraft:damage_dealt_absorbed":82,"minecraft:sneak_time":61695,"minecraft:total_world_time":1187962,"tombstone:raider_killed":8,"minecraft:time_since_rest":108796,"minecraft:use_wand":4812,"minecraft:swim_one_cm":59343,"minecraft:fly_one_cm":1440288,"minecraft:open_chest":1330,"minecraft:fall_one_cm":211190,"minecraft:damage_resisted":0,"minecraft:sprint_one_cm":1133028,"minecraft:drop":877,"minecraft:talked_to_villager":21,"minecraft:walk_on_water_one_cm":37145,"minecraft:crouch_one_cm":124749,"tombstone:villager_killed":4,"minecraft:mob_kills":100,"minecraft:damage_dealt_resisted":21,"minecraft:walk_one_cm":2259394,"minecraft:walk_under_water_one_cm":183069,"minecraft:damage_taken":8998,"minecraft:damage_absorbed":9},"minecraft:dropped":{"exdeorum:basalt_pebble":9,"minecraft:clay":3,"minecraft:iron_sword":3,"exdeorum:crushed_blackstone":14,"xycraft_world:xychorium_gem_dark":129,"minecraft:lapis_lazuli":37,"minecraft:cooked_beef":24,"minecraft:diamond":1,"minecraft:crafting_table":1,"pickletweaks:flint_shears":1,"mekanism:basic_control_circuit":1,"everlastingabilities:ability_totem":3,"alltheores:tin_ingot":1,"minecraft:red_carpet":2,"minecraft:gold_block":2,"exdeorum:gold_ore_chunk":14,"minecraft:dirt":17,"exdeorum:dust":1,"exdeorum:granite_pebble":3,"minecraft:gold_nugget":5,"exdeorum:crook":1,"minecraft:wooden_sword":2,"minecraft:bone_meal":127,"xycraft_world:kivi":1089,"minecraft:iron_pickaxe":2,"minecraft:white_wool":60,"exdeorum:lead_ore_chunk":4,"minecraft:bone":18,"minecraft:stone_axe":3,"minecraft:ancient_debris":1,"minecraft:diamond_block":5,"minecraft:cobbled_deepslate":1,"powah:book":1,"minecraft:wheat":63,"minecraft:obsidian":5,"xycraft_world:xychorium_gem_blue":112,"minecraft:rotten_flesh":32,"minecraft:oak_planks":21,"minecraft:glowstone_dust":224,"minecraft:blaze_powder":169,"exdeorum:silver_ore_chunk":4,"mekanism:alloy_infused":1,"cobblefordays:tier_2":1,"exdeorum:diamond_hammer":1,"minecraft:charcoal":8,"mysticalagriculture:inferium_essence":3,"minecraft:quartz_block":10,"apotheosis:gem":8,"reliquary:catalyzing_gland":2,"forbidden_arcanus:arcane_crystal":66,"pickletweaks:flint_helmet":1,"minecraft:glass":4,"powah:wrench":1,"reliquary:mob_charm_belt":1,"reliquary:zombie_heart":1,"minecraft:egg":4,"minecraft:iron_ingot":86,"dankstorage:dank_1":6,"xycraft_world:xychorium_gem_green":184,"minecraft:black_dye":1,"minecraft:wheat_seeds":6,"exdeorum:deepslate_pebble":38,"pickletweaks:flint_chestplate":1,"minecraft:cobblestone":2668,"exmachinis:diamond_upgrade":3,"xycraft_world:kivi_bricks":82,"minecraft:apple":3,"minecraft:granite":15,"exdeorum:oak_sieve":1,"minecraft:coal":6,"exdeorum:silk_worm":10,"minecraft:wooden_axe":1,"minecraft:rose_bush":1,"alltheores:copper_ore_hammer":3,"exdeorum:calcite_pebble":3,"mekanism:salt":187,"minecraft:smooth_stone":7,"minecraft:string":12,"xycraft_world:xychorium_storage_dark":5,"minecraft:furnace":2,"alltheores:copper_dust":11,"minecraft:white_carpet":12,"projecte:repair_talisman":1,"minecraft:stone_slab":11,"sophisticatedbackpacks:backpack":3,"minecraft:diamond_sword":1,"xycraft_world:xychorium_gem_red":92,"pipez:item_pipe":25,"minecraft:cobblestone_slab":222,"minecraft:potato":21,"minecraft:stone":156,"minecraft:bundle":2,"minecraft:diamond_pickaxe":4,"exdeorum:aluminum_ore_chunk":9,"minecraft:wooden_shovel":2,"exdeorum:diorite_pebble":4,"minecraft:barrel":1,"minecraft:spider_eye":7,"exdeorum:blackstone_pebble":251,"exdeorum:andesite_pebble":7,"functionalstorage:void_upgrade":1,"minecraft:gold_ore":193,"alltheores:raw_silver":7,"minecraft:oak_log":1,"minecraft:ender_pearl":1,"integrateddynamics:squeezer":2,"minecraft:leather":10,"reliquary:chelicerae":1,"minecraft:flint":1312,"exdeorum:compressed_stone_hammer":5,"minecraft:amethyst_shard":519,"mekanismgenerators:wind_generator":1,"minecraft:gold_ingot":97,"enderio:grains_of_infinity":225,"xycraft_world:xychorium_storage_light":5,"xycraft_world:xychorium_gem_light":92,"minecraft:gravel":280,"mekanism:ultimate_control_circuit":1,"minecraft:blackstone":1947,"exdeorum:string_mesh":1,"minecraft:pointed_dripstone":13,"exdeorum:compressed_iron_hammer":2,"xycraft_world:xychorium_storage_green":5,"minecraft:carrot":3,"minecraft:chainmail_chestplate":1,"ae2:sky_dust":122,"supplementaries:ash":2,"minecraft:turtle_helmet":1,"exdeorum:crushed_deepslate":18,"minecraft:gunpowder":177,"minecraft:chest":3,"minecraft:chainmail_boots":1,"silentgear:leather_scrap":4,"minecraft:iron_ore":220,"immersiveengineering:seed":2,"minecraft:netherrack":974,"minecraft:oak_slab":282,"allthecompressed:cobblestone_1x":1,"exdeorum:mycelium_spores":1,"minecraft:poisonous_potato":1,"minecraft:lead":5,"alltheores:zinc_ingot":191,"exdeorum:iron_ore_chunk":6,"exdeorum:osmium_ore_chunk":1,"minecraft:stick":130,"minecraft:torch":11,"botania:orange_petal":1,"tombstone:grave_dust":3,"exdeorum:tuff_pebble":19,"minecraft:iron_axe":1,"minecraft:cactus":31,"exdeorum:stone_pebble":124,"minecraft:redstone_block":1,"minecraft:redstone":37,"minecraft:oak_trapdoor":1,"minecraft:coarse_dirt":20,"minecraft:raw_copper":337,"minecraft:raw_iron":6,"exdeorum:flint_mesh":1,"minecraft:stripped_oak_log":6,"xycraft_world:xychorium_storage_blue":5,"mekanism:alloy_reinforced":12,"exdeorum:nickel_ore_chunk":2,"pipez:universal_pipe":13,"supplementaries:flint_block":29,"exdeorum:tin_ore_chunk":7,"minecraft:iron_chestplate":1,"forcecraft:force_gem":229,"minecraft:andesite":1024,"minecraft:oak_sapling":64,"ae2:certus_quartz_dust":237,"alltheores:nickel_ore":320,"tombstone:essence_of_undeath":1,"minecraft:stone_pickaxe":2,"minecraft:raw_gold":2,"minecraft:calcite":9,"rftoolspower:coalgenerator":1,"exdeorum:stone_hammer":13},"minecraft:crafted":{"pipez:wrench":1,"minecraft:smooth_stone":10,"immersiveengineering:hammer":1,"alltheores:constantan_ingot":2,"pipez:item_pipe":12,"ironfurnaces:iron_furnace":2,"minecraft:lever":3,"projecte:repair_talisman":2,"thermal:machine_frame":1,"minecraft:iron_bars":16,"minecraft:granite":12,"create:vertical_gearbox":4,"minecraft:quartz_block":16,"minecraft:glass":69,"xycraft_world:kivi_tiles":4,"create:cogwheel":44,"mekanism:energy_tablet":2,"minecraft:wooden_shovel":2,"minecraft:emerald":1,"exdeorum:oak_barrel":2,"xycraft_machines:port_fluid":4,"minecraft:copper_ingot":151,"minecraft:campfire":2,"create:encased_chain_drive":4,"create:mechanical_mixer":2,"create:gearbox":4,"create:encased_fan":1,"thermal:redstone_servo":1,"exdeorum:flint_mesh":13,"minecraft:stone_slab":12,"comforts:rope_and_nail":4,"minecraft:iron_pickaxe":2,"projecte:medium_covalence_dust":1,"minecraft:iron_block":18,"minecraft:gold_ingot":115,"create:propeller":1,"create:large_cogwheel":13,"minecraft:fire_charge":31,"alltheores:constantan_gear":1,"minecraft:smooth_stone_slab":6,"sophisticatedstorage:advanced_compacting_upgrade":1,"minecraft:iron_nugget":107,"create:white_sail":27,"minecraft:cobbled_deepslate":9,"exmachinis:gold_upgrade":9,"minecraft:bone_meal":2,"xycraft_machines:extractor":3,"allthecompressed:cobblestone_1x":273,"minecraft:white_carpet":6,"alltheores:copper_ore_hammer":2,"minecraft:basalt":11,"minecraft:terracotta":12,"minecraft:diamond":6,"sophisticatedstorage:upgrade_base":1,"minecraft:stone_pickaxe":1,"minecraft:redstone_block":6,"exdeorum:iron_mesh":7,"create:windmill_bearing":1,"dankstorage:dank_1":2,"alltheores:nickel_dust":15,"minecraft:dripstone_block":4,"constructionwand:diamond_wand":2,"alltheores:osmium_ingot":25,"exdeorum:diamond_hammer":6,"functionalstorage:oak_4":5,"alltheores:invar_ingot":13,"create:dough":5,"create:goggles":1,"sophisticatedbackpacks:gold_backpack":1,"exdeorum:compressed_stone_hammer":5,"functionalstorage:oak_2":2,"alltheores:iron_plate":33,"minecraft:red_carpet":1,"projecte:low_covalence_dust":40,"exdeorum:crook":13,"minecraft:cobblestone":120,"pickletweaks:flint_boots":1,"minecraft:blackstone":7,"minecraft:armor_stand":1,"pickletweaks:flint_helmet":1,"minecraft:white_bed":2,"functionalstorage:storage_controller":2,"create:shaft":25,"thermal:device_rock_gen":1,"minecraft:oak_planks":443,"minecraft:cobblestone_slab":308,"minecraft:barrel":2,"alltheores:copper_dust":11,"alltheores:lead_ingot":128,"minecraft:stone":152,"exdeorum:unfired_porcelain_crucible":2,"projecte:high_covalence_dust":40,"comforts:hammock_white":2,"alltheores:tin_ingot":203,"minecraft:hopper":9,"alltheores:silver_ingot":96,"alltheores:zinc_ingot":98,"exmachinis:diamond_upgrade":3,"minecraft:comparator":2,"minecraft:cyan_terracotta":3,"minecraft:chest":69,"minecraft:copper_block":4,"mekanism:basic_fluid_tank":4,"alltheores:invar_gear":2,"exdeorum:stone_hammer":52,"exdeorum:porcelain_crucible":2,"rftoolsstorage:storage_module3":1,"cobblefordays:tier_2":2,"minecraft:dropper":24,"integrateddynamics:squeezer":1,"rftoolspower:coalgenerator":2,"minecraft:oak_slab":245,"sophisticatedbackpacks:backpack":2,"minecraft:crafting_table":3,"minecraft:baked_potato":71,"minecraft:gold_block":4,"rftoolsstorage:storage_module0":2,"minecraft:diorite":20,"cobblefordays:tier_1":2,"rftoolsstorage:storage_module2":2,"exdeorum:oak_crucible":1,"minecraft:paper":3,"create:water_wheel":1,"minecraft:charcoal":27,"create:super_glue":1,"sophisticatedbackpacks:diamond_backpack":1,"rftoolsstorage:modular_storage":2,"minecraft:stick":159,"minecraft:iron_ingot":382,"minecraft:iron_ore":81,"exdeorum:oak_sieve":12,"minecraft:redstone_torch":21,"rftoolsstorage:storage_module1":2,"exmachinis:flux_sieve":3,"minecraft:coarse_dirt":16,"minecraft:coal":4,"pickletweaks:flint_leggings":1,"functionalstorage:simple_compacting_drawer":2,"rftoolsbase:machine_frame":4,"minecraft:tripwire_hook":2,"mekanismgenerators:wind_generator":1,"alltheores:aluminum_ingot":68,"sophisticatedstorage:iron_chest":5,"minecraft:blast_furnace":1,"minecraft:furnace":14,"minecraft:piston":10,"minecraft:glass_pane":16,"minecraft:oak_trapdoor":2,"minecraft:flint_and_steel":1,"alltheores:gold_plate":1,"exdeorum:string_mesh":13,"minecraft:slime_ball":5,"create:millstone":1,"minecraft:lime_dye":38,"immersiveengineering:component_iron":2,"create:basin":2,"thermal:machine_smelter":1,"alltheores:tin_gear":1,"functionalstorage:oak_1":8,"sophisticatedbackpacks:iron_backpack":1,"minecraft:red_dye":5,"exdeorum:stone_barrel":1,"create:andesite_alloy":151,"minecraft:cyan_dye":20,"minecraft:iron_trapdoor":3,"alltheores:nickel_ingot":78,"pickletweaks:flint_shears":2,"xycraft_machines:resin_ball":2,"pipez:energy_pipe":17,"xycraft_world:kivi_bricks":90,"alltheores:aluminum_nugget":3,"minecraft:copper_ore":21,"sophisticatedstorage:compacting_upgrade":1,"minecraft:bucket":2,"minecraft:stone_axe":5,"minecraft:air":7248,"minecraft:blue_dye":40,"exdeorum:porcelain_clay_ball":14,"sophisticatedstorage:chest":6,"create:whisk":2,"minecraft:white_wool":75,"minecraft:gold_nugget":56,"minecraft:white_dye":38,"pickletweaks:flint_chestplate":1,"alltheores:iron_dust":16,"exmachinis:flux_hammer":3,"minecraft:andesite":107,"minecraft:acacia_planks":17,"minecraft:torch":10,"thermal:rf_coil":1,"minecraft:trapped_chest":2},"minecraft:killed_by":{"minecraft:zombie":1,"minecraft:player":1,"minecraft:phantom":1},"minecraft:broken":{"constructionwand:diamond_wand":1,"minecraft:leather_leggings":1,"minecraft:leather_boots":1,"exdeorum:crook":11},"minecraft:mined":{"mekanismgenerators:wind_generator":3,"xycraft_world:xychorium_storage_light":1,"create:andesite_casing":32,"minecraft:obsidian":2,"minecraft:red_sand":1,"minecraft:acacia_log":11,"minecraft:coal_block":1,"supplementaries:pedestal":1,"minecraft:hopper":13,"minecraft:fire":8,"minecraft:barrel":1,"minecraft:cobbled_deepslate":1,"xycraft_machines:extractor":17,"exdeorum:crushed_netherrack":1,"pipez:energy_pipe":46,"minecraft:soul_fire":1,"exmachinis:flux_hammer":10,"minecraft:torch":22,"minecraft:sugar_cane":3,"minecraft:wheat":10,"exdeorum:dust":27,"rftoolsstorage:modular_storage":3,"minecraft:grass":7,"exdeorum:oak_barrel":4,"allthecompressed:cobblestone_1x":264,"exdeorum:oak_crucible":1,"sophisticatedstorage:iron_chest":3,"functionalstorage:oak_1":9,"thermal:machine_smelter":2,"create:encased_fan":2,"create:shaft":3,"minecraft:andesite":3,"minecraft:potatoes":5,"minecraft:cobblestone_slab":591,"minecraft:white_wool":4,"minecraft:oak_slab":113,"minecraft:soul_sand":1,"xycraft_world:kivi":7,"exdeorum:infested_leaves":1641,"exmachinis:flux_sieve":15,"create:water_wheel":1,"minecraft:campfire":2,"minecraft:copper_ore":5,"minecraft:coarse_dirt":10,"sophisticatedstorage:barrel":1,"create:gearbox":1,"summoningrituals:altar":1,"minecraft:dripstone_block":6,"minecraft:gravel":1419,"minecraft:iron_trapdoor":2,"minecraft:oak_sapling":2,"minecraft:farmland":38,"comforts:rope_and_nail":6,"minecraft:grass_block":27,"integrateddynamics:squeezer":4,"thermal:device_rock_gen":2,"cobblefordays:tier_1":6,"minecraft:iron_ore":49,"minecraft:pointed_dripstone":3,"exdeorum:oak_sieve":20,"minecraft:blackstone":1,"exdeorum:unfired_porcelain_crucible":4,"minecraft:clay":7,"minecraft:calcite":1,"minecraft:chest":22,"minecraft:cobblestone":1297,"minecraft:oak_planks":31,"minecraft:wall_torch":3,"cobblefordays:tier_2":5,"exdeorum:stone_barrel":8,"minecraft:oak_log":417,"minecraft:sand":1316,"minecraft:dirt":150,"minecraft:netherrack":6,"minecraft:oak_leaves":1016,"minecraft:tuff":1,"alltheores:zinc_ore":30,"minecraft:lever":1,"create:large_cogwheel":1,"minecraft:oak_trapdoor":1,"cb_multipart:multipart":1,"minecraft:furnace":5,"immersiveengineering:hemp":1,"functionalstorage:oak_4":1,"rftoolspower:coalgenerator":14,"functionalstorage:simple_compacting_drawer":6,"mekanism:basic_fluid_tank":2,"minecraft:polished_deepslate":1,"minecraft:stripped_oak_log":6,"xycraft_world:kivi_bricks":99,"sophisticatedbackpacks:backpack":1,"exdeorum:porcelain_crucible":7,"minecraft:acacia_leaves":188,"functionalstorage:storage_controller":2,"pipez:item_pipe":58,"comforts:hammock_white":1,"minecraft:crafting_table":2,"minecraft:rose_bush":4,"mekanism:metallurgic_infuser":12,"minecraft:cactus":10},"minecraft:killed":{"minecraft:skeleton":20,"minecraft:zombie":24,"minecraft:wandering_trader":4,"minecraft:enderman":2,"minecraft:spider":9,"minecraft:zombie_villager":2,"minecraft:creeper":16,"minecraft:trader_llama":12,"minecraft:stray":1,"minecraft:phantom":8,"forcecraft:creeper_tot":1}},"DataVersion":3465}