{"stats":{"minecraft:picked_up":{"exdeorum:mycelium_spores":1,"minecraft:wheat":16,"exdeorum:dust":41,"minecraft:chainmail_boots":1,"minecraft:lead":15,"allthecompressed:basalt_1x":2,"minecraft:enchanted_book":3,"exdeorum:iron_ore_chunk":330,"exdeorum:stone_hammer":6,"comforts:hammock_white":1,"minecraft:polished_deepslate":1,"minecraft:string":795,"minecraft:raw_copper":42,"minecraft:armor_stand":1,"create:water_wheel":1,"minecraft:red_sand":1,"mysticalagriculture:inferium_essence":20,"cobblefordays:tier_1":6,"minecraft:cobbled_deepslate":5,"alltheores:lead_ingot":4,"minecraft:rose_bush":4,"minecraft:cobblestone_slab":99,"minecraft:wooden_shovel":1,"minecraft:iron_pickaxe":1,"xycraft_world:xychorium_gem_green":1,"minecraft:furnace":5,"minecraft:stick":133,"exdeorum:oak_crucible":1,"apotheosis:gem":8,"minecraft:torch":29,"create:andesite_casing":9,"tombstone:grave_dust":11,"minecraft:pointed_dripstone":111,"minecraft:diorite":4,"minecraft:black_dye":1,"create:large_cogwheel":1,"silentgear:leather_scrap":3,"minecraft:rotten_flesh":32,"summoningrituals:altar":1,"exdeorum:tin_ore_chunk":14,"supplementaries:ash":5,"minecraft:blaze_powder":6,"minecraft:cobblestone":85,"exdeorum:osmium_ore_chunk":4,"exdeorum:basalt_pebble":214,"exdeorum:stone_barrel":3,"minecraft:cooked_beef":27,"minecraft:magma_cream":1,"minecraft:water_bucket":1,"minecraft:potato":44,"minecraft:flint":95,"exdeorum:nickel_ore_chunk":7,"minecraft:lapis_lazuli":5,"minecraft:dirt":277,"minecraft:leather_boots":2,"immersiveengineering:hemp_fiber":9,"minecraft:glass":7,"minecraft:bone":25,"minecraft:bow":5,"minecraft:wheat_seeds":49,"everlastingabilities:ability_totem":3,"create:shaft":1,"alltheores:tin_ingot":1,"alltheores:nickel_ore":320,"minecraft:oak_planks":61,"exdeorum:crushed_blackstone":16,"mekanism:metallurgic_infuser":1,"create:cogwheel":1,"exdeorum:flint_mesh":6,"minecraft:sand":107,"integrateddynamics:squeezer":6,"minecraft:barrel":2,"minecraft:bundle":1,"xycraft_world:xychorium_gem_light":1,"exdeorum:diamond_mesh":2,"minecraft:clay":3,"minecraft:diamond":46,"cobblefordays:tier_2":2,"minecraft:lever":1,"minecraft:granite":31,"alltheores:zinc_ingot":24,"exdeorum:copper_ore_chunk":92,"minecraft:oak_sapling":93,"minecraft:netherrack":4,"minecraft:oak_leaves":98,"minecraft:diamond_pickaxe":2,"croptopia:toast":1,"exdeorum:gold_ore_chunk":14,"minecraft:charcoal":14,"minecraft:coarse_dirt":9,"minecraft:crafting_table":2,"minecraft:clay_ball":28,"minecraft:turtle_helmet":2,"minecraft:leather_leggings":2,"minecraft:wooden_pickaxe":1,"exdeorum:oak_barrel":4,"exdeorum:blackstone_pebble":199,"sophisticatedstorage:advanced_compacting_upgrade":1,"minecraft:oak_trapdoor":1,"minecraft:iron_axe":1,"exdeorum:string_mesh":3,"exdeorum:granite_pebble":184,"minecraft:wooden_sword":1,"minecraft:white_carpet":12,"functionalstorage:oak_4":1,"minecraft:blackstone":6,"exdeorum:iron_mesh":12,"exdeorum:zinc_ore_chunk":3,"minecraft:iron_nugget":1,"exdeorum:compressed_stone_hammer":2,"allthecompressed:cobblestone_1x":30,"sophisticatedstorage:iron_chest":1,"minecraft:chest":5,"minecraft:egg":10,"minecraft:phantom_membrane":4,"minecraft:copper_ore":43,"reliquary:catalyzing_gland":1,"minecraft:raw_iron":3,"minecraft:stone":1,"exdeorum:porcelain_crucible":3,"minecraft:copper_ingot":10,"supplementaries:pedestal":1,"sophisticatedbackpacks:backpack":2,"exdeorum:tuff_pebble":2,"minecraft:trident":2,"minecraft:redstone":66,"minecraft:howl_pottery_sherd":1,"exdeorum:silk_worm":28,"minecraft:arrow":21,"xycraft_world:xychorium_gem_blue":1,"ae2:certus_quartz_dust":1,"exdeorum:unfired_porcelain_crucible":4,"exdeorum:diorite_pebble":170,"tombstone:essence_of_undeath":1,"exdeorum:andesite_pebble":166,"minecraft:gold_ingot":65,"exdeorum:crushed_netherrack":2,"exdeorum:crushed_deepslate":18,"minecraft:basalt":3,"rftoolspower:coalgenerator":1,"minecraft:leather":14,"minecraft:ice":2,"exdeorum:compressed_iron_hammer":1,"minecraft:oak_log":446,"botania:orange_petal":1,"minecraft:ancient_debris":1,"ironfurnaces:upgrade_iron":1,"minecraft:gunpowder":22,"comforts:rope_and_nail":8,"mekanism:salt":5,"minecraft:red_carpet":1,"minecraft:apple":10,"exdeorum:oak_sieve":17,"exdeorum:stone_pebble":945,"minecraft:iron_ingot":80,"minecraft:stone_pickaxe":1,"exdeorum:wood_chippings":58,"tombstone:bag_of_seeds":1,"minecraft:iron_sword":1,"minecraft:soul_sand":2,"functionalstorage:simple_compacting_drawer":4,"dankstorage:dank_1":4,"minecraft:oak_slab":281,"exdeorum:deepslate_pebble":193,"exdeorum:lead_ore_chunk":9,"minecraft:gravel":222,"minecraft:lava_bucket":1,"minecraft:gold_ore":18,"forcecraft:recovery_heart":4,"exdeorum:silver_ore_chunk":5,"minecraft:spider_eye":3,"exdeorum:aluminum_ore_chunk":8,"immersiveengineering:seed":4,"tombstone:magic_scroll":1,"minecraft:coal":203,"minecraft:ender_pearl":1,"minecraft:hopper":3,"alltheores:copper_ore_hammer":1},"minecraft:used":{"minecraft:red_sand":1,"minecraft:polished_deepslate":1,"rftoolspower:coalgenerator":2,"minecraft:chest":24,"minecraft:iron_sword":61,"allthecompressed:cobblestone_1x":44,"comforts:hammock_white":3,"minecraft:rotten_flesh":8,"minecraft:soul_sand":1,"create:cogwheel":44,"integrateddynamics:squeezer":5,"minecraft:lava_bucket":14,"minecraft:copper_ore":5,"exdeorum:crushed_netherrack":2,"summoningrituals:altar":1,"ironfurnaces:iron_furnace":2,"minecraft:bow":4,"create:shaft":20,"minecraft:oak_sapling":76,"minecraft:furnace":11,"minecraft:egg":6,"minecraft:potato":17,"minecraft:stone_pickaxe":78,"minecraft:oak_planks":13,"minecraft:clay":7,"minecraft:oak_leaves":98,"minecraft:sand":25,"sophisticatedstorage:basic_tier_upgrade":1,"minecraft:lever":2,"exdeorum:oak_barrel":6,"mekanism:metallurgic_infuser":1,"minecraft:gravel":181,"minecraft:wooden_sword":17,"exdeorum:oak_crucible":2,"exdeorum:compressed_stone_hammer":20,"create:vertical_gearbox":3,"minecraft:coarse_dirt":92,"exdeorum:mycelium_spores":1,"create:large_cogwheel":24,"minecraft:oak_trapdoor":1,"minecraft:trident":142,"minecraft:rose_bush":3,"minecraft:flint_and_steel":6,"minecraft:armor_stand":2,"exdeorum:crook":1666,"minecraft:netherrack":4,"minecraft:wooden_shovel":114,"minecraft:torch":70,"minecraft:dirt":122,"minecraft:hopper":11,"cobblefordays:tier_2":2,"exdeorum:silk_worm":9,"exdeorum:unfired_porcelain_crucible":4,"functionalstorage:simple_compacting_drawer":5,"supplementaries:pedestal":2,"minecraft:wooden_axe":201,"create:wrench":80,"minecraft:iron_axe":103,"minecraft:barrel":2,"create:encased_chain_drive":4,"exdeorum:porcelain_crucible":5,"cobblefordays:tier_1":6,"exdeorum:stone_hammer":153,"constructionwand:diamond_wand":121,"tombstone:gift":3,"minecraft:cooked_beef":35,"exdeorum:oak_sieve":29,"minecraft:wheat_seeds":6,"minecraft:water_bucket":23,"minecraft:iron_ore":1,"minecraft:baked_potato":3,"minecraft:cobblestone_slab":1185,"create:encased_fan":2,"minecraft:oak_slab":1069,"minecraft:crafting_table":4,"exdeorum:crushed_blackstone":2,"minecraft:campfire":2,"minecraft:white_bed":2,"tombstone:bag_of_seeds":1,"exdeorum:stone_barrel":4,"minecraft:oak_log":31,"exdeorum:dust":27,"minecraft:wooden_hoe":13,"minecraft:diamond_pickaxe":75,"functionalstorage:oak_4":1,"allthecompressed:sand_1x":1,"allthecompressed:gravel_1x":1,"minecraft:iron_pickaxe":456,"create:water_wheel":3,"minecraft:stone_axe":435,"comforts:rope_and_nail":12,"sophisticatedstorage:iron_chest":4,"minecraft:cobblestone":707,"minecraft:bucket":32},"minecraft:custom":{"minecraft:interact_with_crafting_table":230,"minecraft:open_barrel":25,"minecraft:leave_game":2,"minecraft:time_since_death":24154,"minecraft:damage_resisted":0,"minecraft:sprint_one_cm":541881,"minecraft:drop":315,"minecraft:talked_to_villager":18,"minecraft:play_time":612332,"minecraft:deaths":4,"minecraft:jump":2578,"minecraft:walk_on_water_one_cm":12925,"minecraft:interact_with_furnace":245,"minecraft:traded_with_villager":1,"minecraft:sleep_in_bed":11,"minecraft:damage_dealt":17262,"minecraft:crouch_one_cm":87697,"tombstone:undead_killed":34,"tombstone:villager_killed":3,"minecraft:mob_kills":69,"minecraft:inspect_hopper":16,"minecraft:damage_dealt_resisted":21,"minecraft:walk_one_cm":1185691,"minecraft:damage_dealt_absorbed":32,"minecraft:sneak_time":40603,"minecraft:walk_under_water_one_cm":39295,"minecraft:total_world_time":612332,"tombstone:raider_killed":4,"minecraft:time_since_rest":23931,"minecraft:damage_absorbed":9,"minecraft:damage_taken":5306,"minecraft:use_wand":906,"minecraft:swim_one_cm":4454,"minecraft:fly_one_cm":546220,"minecraft:open_chest":665,"minecraft:fall_one_cm":129981},"minecraft:dropped":{"functionalstorage:void_upgrade":1,"exdeorum:basalt_pebble":9,"minecraft:gold_ore":100,"minecraft:clay":3,"minecraft:iron_sword":2,"exdeorum:crushed_blackstone":14,"minecraft:cooked_beef":24,"minecraft:oak_log":1,"minecraft:ender_pearl":1,"minecraft:diamond":1,"integrateddynamics:squeezer":2,"pickletweaks:flint_shears":1,"everlastingabilities:ability_totem":2,"alltheores:tin_ingot":1,"minecraft:red_carpet":2,"minecraft:flint":719,"minecraft:dirt":16,"exdeorum:dust":1,"exdeorum:compressed_stone_hammer":4,"minecraft:wooden_sword":2,"minecraft:gold_nugget":5,"exdeorum:crook":1,"exdeorum:granite_pebble":3,"minecraft:iron_pickaxe":2,"minecraft:white_wool":60,"exdeorum:lead_ore_chunk":4,"minecraft:gold_ingot":62,"xycraft_world:xychorium_storage_light":5,"xycraft_world:xychorium_gem_light":1,"minecraft:gravel":11,"minecraft:stone_axe":3,"minecraft:ancient_debris":1,"exdeorum:string_mesh":1,"minecraft:cobbled_deepslate":1,"powah:book":1,"minecraft:wheat":1,"xycraft_world:xychorium_gem_blue":1,"minecraft:pointed_dripstone":13,"exdeorum:compressed_iron_hammer":1,"minecraft:rotten_flesh":4,"minecraft:oak_planks":20,"xycraft_world:xychorium_storage_green":5,"mekanism:alloy_infused":1,"cobblefordays:tier_2":1,"supplementaries:ash":2,"minecraft:turtle_helmet":1,"exdeorum:crushed_deepslate":18,"mysticalagriculture:inferium_essence":1,"minecraft:charcoal":8,"apotheosis:gem":8,"minecraft:chest":1,"minecraft:chainmail_boots":1,"reliquary:catalyzing_gland":1,"powah:wrench":1,"immersiveengineering:seed":2,"reliquary:mob_charm_belt":1,"minecraft:iron_ingot":48,"xycraft_world:xychorium_gem_green":1,"minecraft:oak_slab":215,"dankstorage:dank_1":6,"minecraft:black_dye":1,"minecraft:wheat_seeds":6,"exdeorum:deepslate_pebble":10,"minecraft:lead":1,"minecraft:cobblestone":164,"minecraft:apple":1,"minecraft:granite":15,"alltheores:zinc_ingot":24,"exdeorum:iron_ore_chunk":5,"exdeorum:osmium_ore_chunk":1,"minecraft:coal":4,"minecraft:stick":101,"exdeorum:silk_worm":10,"minecraft:wooden_axe":1,"minecraft:rose_bush":1,"botania:orange_petal":1,"alltheores:copper_ore_hammer":3,"tombstone:grave_dust":2,"exdeorum:tuff_pebble":2,"mekanism:salt":5,"minecraft:string":5,"exdeorum:stone_pebble":29,"minecraft:redstone":26,"minecraft:furnace":2,"minecraft:oak_trapdoor":1,"minecraft:coarse_dirt":20,"minecraft:raw_copper":6,"alltheores:copper_dust":11,"minecraft:raw_iron":2,"minecraft:white_carpet":12,"sophisticatedbackpacks:backpack":3,"exdeorum:flint_mesh":1,"xycraft_world:xychorium_storage_blue":5,"minecraft:stone_slab":11,"exdeorum:nickel_ore_chunk":2,"minecraft:cobblestone_slab":156,"minecraft:stone":82,"exdeorum:tin_ore_chunk":7,"minecraft:diamond_pickaxe":1,"exdeorum:aluminum_ore_chunk":7,"ae2:certus_quartz_dust":1,"minecraft:wooden_shovel":2,"minecraft:oak_sapling":8,"exdeorum:diorite_pebble":3,"alltheores:nickel_ore":320,"minecraft:barrel":1,"tombstone:essence_of_undeath":1,"exdeorum:andesite_pebble":7,"exdeorum:blackstone_pebble":73,"minecraft:stone_pickaxe":2,"rftoolspower:coalgenerator":1,"exdeorum:stone_hammer":4},"minecraft:crafted":{"minecraft:smooth_stone":3,"minecraft:oak_planks":332,"immersiveengineering:hammer":1,"minecraft:cobblestone_slab":257,"minecraft:barrel":2,"alltheores:copper_dust":11,"alltheores:lead_ingot":128,"ironfurnaces:iron_furnace":2,"minecraft:stone":54,"projecte:high_covalence_dust":40,"exdeorum:unfired_porcelain_crucible":2,"minecraft:lever":1,"comforts:hammock_white":2,"create:vertical_gearbox":2,"minecraft:granite":12,"alltheores:tin_ingot":65,"minecraft:hopper":8,"minecraft:glass":8,"alltheores:silver_ingot":96,"alltheores:zinc_ingot":98,"minecraft:chest":37,"minecraft:copper_block":2,"create:cogwheel":15,"exdeorum:stone_hammer":22,"exdeorum:porcelain_crucible":2,"cobblefordays:tier_2":1,"integrateddynamics:squeezer":1,"rftoolspower:coalgenerator":2,"minecraft:oak_slab":233,"minecraft:wooden_shovel":2,"sophisticatedbackpacks:backpack":2,"exdeorum:oak_barrel":2,"minecraft:crafting_table":3,"minecraft:baked_potato":0,"minecraft:copper_ingot":151,"minecraft:campfire":2,"create:encased_chain_drive":4,"minecraft:diorite":20,"cobblefordays:tier_1":1,"exdeorum:oak_crucible":1,"create:gearbox":2,"create:encased_fan":1,"create:water_wheel":1,"minecraft:charcoal":27,"exdeorum:flint_mesh":13,"comforts:rope_and_nail":4,"minecraft:stick":99,"minecraft:stone_slab":12,"minecraft:iron_ingot":57,"minecraft:iron_pickaxe":2,"minecraft:iron_block":1,"minecraft:iron_ore":81,"minecraft:gold_ingot":50,"exdeorum:oak_sieve":11,"create:large_cogwheel":13,"create:propeller":1,"minecraft:redstone_torch":8,"minecraft:coarse_dirt":16,"pickletweaks:flint_leggings":1,"functionalstorage:simple_compacting_drawer":1,"minecraft:smooth_stone_slab":6,"rftoolsbase:machine_frame":2,"sophisticatedstorage:advanced_compacting_upgrade":1,"minecraft:iron_nugget":12,"alltheores:aluminum_ingot":68,"create:white_sail":12,"minecraft:cobbled_deepslate":9,"sophisticatedstorage:iron_chest":3,"minecraft:furnace":10,"minecraft:piston":5,"minecraft:bone_meal":2,"allthecompressed:cobblestone_1x":15,"minecraft:white_carpet":6,"minecraft:flint_and_steel":1,"minecraft:oak_trapdoor":2,"alltheores:copper_ore_hammer":1,"minecraft:basalt":11,"sophisticatedstorage:upgrade_base":1,"alltheores:gold_plate":1,"exdeorum:string_mesh":13,"minecraft:stone_pickaxe":1,"immersiveengineering:component_iron":2,"create:windmill_bearing":1,"exdeorum:iron_mesh":7,"dankstorage:dank_1":2,"minecraft:red_dye":5,"constructionwand:diamond_wand":1,"exdeorum:stone_barrel":1,"create:andesite_alloy":48,"alltheores:osmium_ingot":25,"alltheores:nickel_ingot":69,"pickletweaks:flint_shears":1,"functionalstorage:oak_4":4,"create:goggles":1,"sophisticatedstorage:compacting_upgrade":1,"minecraft:copper_ore":21,"exdeorum:compressed_stone_hammer":2,"alltheores:iron_plate":22,"minecraft:red_carpet":1,"minecraft:stone_axe":4,"projecte:low_covalence_dust":40,"minecraft:air":4734,"exdeorum:crook":13,"minecraft:blue_dye":4,"exdeorum:porcelain_clay_ball":14,"sophisticatedstorage:chest":4,"minecraft:white_wool":75,"minecraft:cobblestone":119,"pickletweaks:flint_boots":1,"minecraft:gold_nugget":1,"pickletweaks:flint_chestplate":1,"minecraft:blackstone":7,"minecraft:armor_stand":1,"pickletweaks:flint_helmet":1,"minecraft:white_bed":2,"create:shaft":25,"minecraft:andesite":107,"minecraft:torch":10},"minecraft:killed_by":{"minecraft:zombie":1,"minecraft:phantom":1},"minecraft:broken":{"minecraft:leather_leggings":1,"minecraft:leather_boots":1,"exdeorum:crook":11},"minecraft:mined":{"minecraft:oak_sapling":2,"minecraft:farmland":38,"comforts:rope_and_nail":6,"xycraft_world:xychorium_storage_light":1,"create:andesite_casing":9,"minecraft:red_sand":1,"minecraft:grass_block":27,"integrateddynamics:squeezer":4,"supplementaries:pedestal":1,"minecraft:hopper":3,"cobblefordays:tier_1":6,"minecraft:fire":5,"minecraft:cobbled_deepslate":1,"minecraft:iron_ore":1,"minecraft:barrel":1,"minecraft:pointed_dripstone":3,"exdeorum:oak_sieve":17,"exdeorum:crushed_netherrack":1,"minecraft:soul_fire":1,"exdeorum:unfired_porcelain_crucible":4,"minecraft:clay":7,"minecraft:torch":20,"minecraft:calcite":1,"minecraft:chest":6,"minecraft:cobblestone":72,"minecraft:oak_planks":14,"minecraft:wall_torch":2,"cobblefordays:tier_2":1,"minecraft:wheat":10,"exdeorum:dust":27,"exdeorum:stone_barrel":3,"minecraft:grass":7,"minecraft:oak_log":239,"exdeorum:oak_barrel":4,"minecraft:sand":25,"minecraft:dirt":149,"allthecompressed:cobblestone_1x":7,"minecraft:netherrack":4,"minecraft:oak_leaves":426,"minecraft:tuff":1,"exdeorum:oak_crucible":1,"sophisticatedstorage:iron_chest":1,"minecraft:lever":1,"create:large_cogwheel":1,"create:shaft":2,"minecraft:oak_trapdoor":1,"cb_multipart:multipart":1,"minecraft:furnace":5,"immersiveengineering:hemp":1,"functionalstorage:oak_4":1,"rftoolspower:coalgenerator":1,"functionalstorage:simple_compacting_drawer":4,"minecraft:polished_deepslate":1,"minecraft:potatoes":1,"minecraft:cobblestone_slab":490,"exdeorum:porcelain_crucible":3,"minecraft:oak_slab":111,"minecraft:soul_sand":1,"exdeorum:infested_leaves":1641,"comforts:hammock_white":1,"minecraft:crafting_table":2,"create:water_wheel":1,"minecraft:rose_bush":4,"minecraft:campfire":2,"minecraft:copper_ore":5,"mekanism:metallurgic_infuser":1,"minecraft:coarse_dirt":10,"summoningrituals:altar":1,"minecraft:gravel":76},"minecraft:killed":{"minecraft:spider":9,"minecraft:skeleton":11,"minecraft:zombie_villager":1,"minecraft:creeper":13,"minecraft:trader_llama":8,"minecraft:zombie":17,"minecraft:stray":1,"minecraft:phantom":4,"minecraft:wandering_trader":3,"minecraft:enderman":1}},"DataVersion":3465}