{"stats":{"minecraft:crafted":{"pipez:wrench":1,"minecraft:smooth_stone":10,"immersiveengineering:hammer":1,"alltheores:constantan_ingot":2,"pipez:item_pipe":3,"ironfurnaces:iron_furnace":2,"minecraft:lever":1,"projecte:repair_talisman":2,"thermal:machine_frame":1,"minecraft:iron_bars":16,"minecraft:granite":12,"create:vertical_gearbox":3,"minecraft:glass":69,"create:cogwheel":27,"mekanism:energy_tablet":2,"minecraft:wooden_shovel":2,"minecraft:emerald":1,"exdeorum:oak_barrel":2,"minecraft:copper_ingot":151,"minecraft:campfire":2,"create:encased_chain_drive":4,"create:gearbox":3,"create:encased_fan":1,"thermal:redstone_servo":1,"exdeorum:flint_mesh":13,"comforts:rope_and_nail":4,"minecraft:stone_slab":12,"minecraft:iron_pickaxe":2,"projecte:medium_covalence_dust":1,"minecraft:iron_block":16,"minecraft:gold_ingot":115,"create:large_cogwheel":13,"create:propeller":1,"minecraft:fire_charge":31,"alltheores:constantan_gear":1,"minecraft:smooth_stone_slab":6,"sophisticatedstorage:advanced_compacting_upgrade":1,"minecraft:iron_nugget":21,"create:white_sail":27,"minecraft:cobbled_deepslate":9,"exmachinis:gold_upgrade":9,"minecraft:bone_meal":2,"allthecompressed:cobblestone_1x":273,"minecraft:white_carpet":6,"alltheores:copper_ore_hammer":2,"minecraft:basalt":11,"minecraft:terracotta":12,"minecraft:diamond":1,"sophisticatedstorage:upgrade_base":1,"minecraft:stone_pickaxe":1,"minecraft:redstone_block":4,"exdeorum:iron_mesh":7,"create:windmill_bearing":1,"dankstorage:dank_1":2,"alltheores:nickel_dust":15,"constructionwand:diamond_wand":1,"alltheores:osmium_ingot":25,"exdeorum:diamond_hammer":3,"functionalstorage:oak_4":5,"alltheores:invar_ingot":13,"create:dough":5,"create:goggles":1,"exdeorum:compressed_stone_hammer":5,"alltheores:iron_plate":22,"minecraft:red_carpet":1,"projecte:low_covalence_dust":40,"exdeorum:crook":13,"minecraft:cobblestone":119,"pickletweaks:flint_boots":1,"minecraft:blackstone":7,"minecraft:armor_stand":1,"pickletweaks:flint_helmet":1,"minecraft:white_bed":2,"create:shaft":25,"thermal:device_rock_gen":1,"minecraft:oak_planks":396,"minecraft:cobblestone_slab":287,"minecraft:barrel":2,"alltheores:lead_ingot":128,"alltheores:copper_dust":11,"minecraft:stone":146,"exdeorum:unfired_porcelain_crucible":2,"projecte:high_covalence_dust":40,"comforts:hammock_white":2,"alltheores:tin_ingot":203,"minecraft:hopper":9,"alltheores:silver_ingot":96,"alltheores:zinc_ingot":98,"exmachinis:diamond_upgrade":3,"minecraft:cyan_terracotta":3,"minecraft:chest":49,"minecraft:copper_block":4,"alltheores:invar_gear":2,"exdeorum:stone_hammer":52,"exdeorum:porcelain_crucible":2,"cobblefordays:tier_2":2,"integrateddynamics:squeezer":1,"minecraft:dropper":6,"rftoolspower:coalgenerator":2,"minecraft:oak_slab":239,"sophisticatedbackpacks:backpack":2,"minecraft:crafting_table":3,"minecraft:baked_potato":71,"cobblefordays:tier_1":2,"minecraft:diorite":20,"exdeorum:oak_crucible":1,"minecraft:paper":3,"minecraft:charcoal":27,"create:water_wheel":1,"create:super_glue":1,"minecraft:stick":143,"minecraft:iron_ingot":321,"minecraft:iron_ore":81,"exdeorum:oak_sieve":12,"minecraft:redstone_torch":12,"exmachinis:flux_sieve":3,"minecraft:coarse_dirt":16,"minecraft:coal":4,"pickletweaks:flint_leggings":1,"functionalstorage:simple_compacting_drawer":2,"rftoolsbase:machine_frame":2,"mekanismgenerators:wind_generator":1,"alltheores:aluminum_ingot":68,"sophisticatedstorage:iron_chest":5,"minecraft:furnace":13,"minecraft:blast_furnace":1,"minecraft:piston":7,"minecraft:oak_trapdoor":2,"minecraft:glass_pane":16,"minecraft:flint_and_steel":1,"alltheores:gold_plate":1,"exdeorum:string_mesh":13,"minecraft:slime_ball":5,"create:millstone":1,"minecraft:lime_dye":38,"immersiveengineering:component_iron":2,"thermal:machine_smelter":1,"alltheores:tin_gear":1,"functionalstorage:oak_1":3,"minecraft:red_dye":5,"exdeorum:stone_barrel":1,"create:andesite_alloy":48,"minecraft:cyan_dye":20,"alltheores:nickel_ingot":78,"pickletweaks:flint_shears":1,"pipez:energy_pipe":17,"sophisticatedstorage:compacting_upgrade":1,"minecraft:copper_ore":21,"minecraft:stone_axe":5,"minecraft:air":5832,"minecraft:blue_dye":36,"exdeorum:porcelain_clay_ball":14,"sophisticatedstorage:chest":6,"minecraft:white_wool":75,"minecraft:gold_nugget":1,"minecraft:white_dye":38,"pickletweaks:flint_chestplate":1,"alltheores:iron_dust":16,"exmachinis:flux_hammer":3,"minecraft:andesite":107,"minecraft:torch":10,"thermal:rf_coil":1},"minecraft:dropped":{"exdeorum:basalt_pebble":9,"minecraft:clay":3,"minecraft:iron_sword":2,"exdeorum:crushed_blackstone":14,"minecraft:lapis_lazuli":1,"minecraft:cooked_beef":24,"minecraft:diamond":1,"pickletweaks:flint_shears":1,"mekanism:basic_control_circuit":1,"everlastingabilities:ability_totem":2,"alltheores:tin_ingot":1,"minecraft:red_carpet":2,"minecraft:dirt":16,"exdeorum:dust":1,"exdeorum:crook":1,"minecraft:wooden_sword":2,"minecraft:gold_nugget":5,"exdeorum:granite_pebble":3,"minecraft:iron_pickaxe":2,"xycraft_world:kivi":65,"minecraft:white_wool":60,"exdeorum:lead_ore_chunk":4,"minecraft:bone":4,"minecraft:stone_axe":3,"minecraft:ancient_debris":1,"minecraft:cobbled_deepslate":1,"powah:book":1,"minecraft:wheat":61,"minecraft:obsidian":5,"xycraft_world:xychorium_gem_blue":1,"minecraft:rotten_flesh":23,"minecraft:oak_planks":20,"exdeorum:silver_ore_chunk":4,"mekanism:alloy_infused":1,"cobblefordays:tier_2":1,"minecraft:charcoal":8,"mysticalagriculture:inferium_essence":1,"apotheosis:gem":8,"reliquary:catalyzing_gland":1,"pickletweaks:flint_helmet":1,"minecraft:glass":4,"powah:wrench":1,"reliquary:mob_charm_belt":1,"minecraft:iron_ingot":86,"dankstorage:dank_1":6,"minecraft:black_dye":1,"xycraft_world:xychorium_gem_green":1,"minecraft:wheat_seeds":6,"exdeorum:deepslate_pebble":10,"pickletweaks:flint_chestplate":1,"minecraft:cobblestone":1123,"exmachinis:diamond_upgrade":3,"minecraft:apple":3,"minecraft:granite":15,"exdeorum:oak_sieve":1,"minecraft:coal":6,"exdeorum:silk_worm":10,"minecraft:wooden_axe":1,"minecraft:rose_bush":1,"alltheores:copper_ore_hammer":3,"mekanism:salt":5,"minecraft:smooth_stone":7,"minecraft:string":12,"xycraft_world:xychorium_storage_dark":5,"minecraft:furnace":2,"alltheores:copper_dust":11,"minecraft:white_carpet":12,"projecte:repair_talisman":1,"sophisticatedbackpacks:backpack":3,"minecraft:stone_slab":11,"minecraft:cobblestone_slab":159,"minecraft:potato":14,"minecraft:stone":156,"minecraft:bundle":2,"minecraft:diamond_pickaxe":3,"exdeorum:aluminum_ore_chunk":9,"minecraft:wooden_shovel":2,"exdeorum:diorite_pebble":3,"minecraft:barrel":1,"minecraft:spider_eye":7,"exdeorum:blackstone_pebble":73,"exdeorum:andesite_pebble":7,"functionalstorage:void_upgrade":1,"minecraft:gold_ore":100,"alltheores:raw_silver":7,"minecraft:oak_log":1,"minecraft:ender_pearl":1,"integrateddynamics:squeezer":2,"minecraft:leather":1,"reliquary:chelicerae":1,"minecraft:flint":720,"exdeorum:compressed_stone_hammer":5,"minecraft:amethyst_shard":71,"mekanismgenerators:wind_generator":1,"minecraft:gold_ingot":62,"xycraft_world:xychorium_storage_light":5,"xycraft_world:xychorium_gem_light":1,"minecraft:gravel":269,"mekanism:ultimate_control_circuit":1,"exdeorum:string_mesh":1,"minecraft:pointed_dripstone":13,"exdeorum:compressed_iron_hammer":1,"xycraft_world:xychorium_storage_green":5,"minecraft:carrot":2,"minecraft:chainmail_chestplate":1,"supplementaries:ash":2,"minecraft:turtle_helmet":1,"exdeorum:crushed_deepslate":18,"minecraft:chest":1,"minecraft:chainmail_boots":1,"immersiveengineering:seed":2,"minecraft:oak_slab":215,"allthecompressed:cobblestone_1x":1,"minecraft:poisonous_potato":1,"minecraft:lead":3,"alltheores:zinc_ingot":24,"exdeorum:iron_ore_chunk":6,"exdeorum:osmium_ore_chunk":1,"minecraft:stick":104,"minecraft:torch":11,"botania:orange_petal":1,"tombstone:grave_dust":2,"exdeorum:tuff_pebble":2,"minecraft:iron_axe":1,"minecraft:cactus":31,"exdeorum:stone_pebble":29,"minecraft:redstone":27,"minecraft:oak_trapdoor":1,"minecraft:coarse_dirt":20,"minecraft:raw_copper":6,"minecraft:raw_iron":2,"exdeorum:flint_mesh":1,"minecraft:stripped_oak_log":6,"xycraft_world:xychorium_storage_blue":5,"mekanism:alloy_reinforced":12,"exdeorum:nickel_ore_chunk":2,"pipez:universal_pipe":13,"exdeorum:tin_ore_chunk":7,"minecraft:oak_sapling":31,"ae2:certus_quartz_dust":1,"alltheores:nickel_ore":320,"tombstone:essence_of_undeath":1,"minecraft:stone_pickaxe":2,"rftoolspower:coalgenerator":1,"exdeorum:stone_hammer":13},"minecraft:broken":{"minecraft:leather_leggings":1,"minecraft:leather_boots":1,"exdeorum:crook":11},"minecraft:picked_up":{"minecraft:chainmail_boots":1,"exdeorum:dust":93,"minecraft:lead":22,"allthecompressed:basalt_1x":2,"minecraft:enchanted_book":3,"exdeorum:iron_ore_chunk":577,"comforts:hammock_white":1,"exdeorum:stone_hammer":16,"minecraft:polished_deepslate":1,"minecraft:string":802,"pipez:energy_pipe":44,"create:water_wheel":1,"mysticalagriculture:inferium_essence":22,"minecraft:cobbled_deepslate":5,"alltheores:lead_ingot":4,"exdeorum:oak_crucible":1,"create:andesite_casing":9,"minecraft:black_dye":1,"minecraft:stone_sword":1,"supplementaries:ash":5,"minecraft:cooked_beef":27,"minecraft:water_bucket":1,"enderio:grains_of_infinity":40,"minecraft:flint":158,"exdeorum:nickel_ore_chunk":141,"mekanism:alloy_reinforced":12,"mekanism:ultimate_control_circuit":1,"create:shaft":1,"minecraft:glowstone_dust":32,"alltheores:nickel_ore":320,"exdeorum:crushed_blackstone":16,"mekanism:metallurgic_infuser":12,"patchouli:guide_book":1,"exmachinis:flux_hammer":10,"forcecraft:baconator":1,"exdeorum:flint_mesh":6,"minecraft:barrel":2,"xycraft_world:xychorium_gem_dark":25,"minecraft:bundle":3,"thermal:device_rock_gen":2,"exdeorum:diamond_mesh":14,"minecraft:lever":1,"minecraft:granite":31,"alltheores:zinc_ingot":24,"exdeorum:copper_ore_chunk":180,"minecraft:diamond_pickaxe":4,"croptopia:toast":1,"exdeorum:gold_ore_chunk":155,"minecraft:crafting_table":2,"alltheores:osmium_ingot":15,"minecraft:coarse_dirt":9,"minecraft:clay_ball":28,"minecraft:leather_leggings":2,"sophisticatedstorage:advanced_compacting_upgrade":3,"exdeorum:granite_pebble":184,"minecraft:white_carpet":12,"exdeorum:iron_mesh":12,"exdeorum:zinc_ore_chunk":113,"minecraft:iron_nugget":1,"exdeorum:compressed_stone_hammer":2,"allthecompressed:cobblestone_1x":30,"minecraft:chest":19,"minecraft:egg":17,"minecraft:copper_ore":43,"minecraft:stone":1,"pipez:item_pipe":28,"sophisticatedbackpacks:backpack":2,"supplementaries:pedestal":1,"exdeorum:tuff_pebble":2,"minecraft:carrot":2,"minecraft:redstone":79,"exmachinis:flux_sieve":15,"exdeorum:silk_worm":28,"thermal:machine_smelter":2,"tombstone:essence_of_undeath":1,"exdeorum:andesite_pebble":166,"alltheores:iron_dust":15,"minecraft:gold_ingot":65,"alltheores:raw_osmium":42,"exdeorum:crushed_deepslate":18,"minecraft:white_wool":4,"minecraft:stripped_oak_log":12,"rftoolspower:coalgenerator":14,"exdeorum:compressed_iron_hammer":1,"botania:orange_petal":1,"minecraft:oak_log":517,"minecraft:ancient_debris":1,"pipez:universal_pipe":13,"comforts:rope_and_nail":8,"pickletweaks:flint_boots":1,"minecraft:apple":12,"exdeorum:stone_pebble":945,"minecraft:stone_pickaxe":1,"exdeorum:wood_chippings":58,"tombstone:bag_of_seeds":2,"minecraft:iron_sword":1,"dankstorage:dank_1":4,"exdeorum:deepslate_pebble":193,"exdeorum:lead_ore_chunk":117,"minecraft:gravel":2396,"forcecraft:recovery_heart":4,"exdeorum:silver_ore_chunk":136,"forbidden_arcanus:arcane_crystal":23,"exdeorum:aluminum_ore_chunk":106,"immersiveengineering:seed":4,"minecraft:diamond_axe":1,"alltheores:raw_silver":7,"minecraft:hopper":13,"minecraft:ender_pearl":1,"exdeorum:mycelium_spores":1,"minecraft:wheat":55,"minecraft:raw_copper":42,"minecraft:armor_stand":1,"minecraft:red_sand":1,"cobblefordays:tier_1":6,"minecraft:bucket":3,"minecraft:rose_bush":4,"minecraft:cobblestone_slab":130,"minecraft:wooden_shovel":1,"minecraft:iron_pickaxe":1,"xycraft_world:xychorium_gem_green":15,"minecraft:furnace":5,"minecraft:stick":153,"apotheosis:gem":8,"minecraft:torch":42,"minecraft:pointed_dripstone":111,"tombstone:grave_dust":13,"minecraft:diorite":4,"create:large_cogwheel":1,"minecraft:cactus":33,"minecraft:rotten_flesh":62,"silentgear:leather_scrap":3,"summoningrituals:altar":1,"exdeorum:tin_ore_chunk":140,"minecraft:obsidian":7,"minecraft:blaze_powder":6,"minecraft:cobblestone":1118,"exdeorum:osmium_ore_chunk":105,"mekanismtools:refined_glowstone_leggings":1,"exdeorum:stone_barrel":6,"exdeorum:basalt_pebble":214,"minecraft:leather_chestplate":1,"minecraft:magma_cream":1,"minecraft:potato":142,"minecraft:lapis_lazuli":182,"minecraft:dirt":277,"immersiveengineering:hemp_fiber":9,"minecraft:leather_boots":2,"minecraft:glass":32,"minecraft:bone":29,"minecraft:bow":6,"minecraft:wheat_seeds":122,"everlastingabilities:ability_totem":3,"alltheores:tin_ingot":1,"minecraft:oak_planks":72,"exmachinis:diamond_upgrade":15,"create:cogwheel":1,"minecraft:poisonous_potato":1,"minecraft:sand":261,"integrateddynamics:squeezer":6,"mekanism:basic_control_circuit":2,"xycraft_world:xychorium_gem_light":1,"minecraft:clay":28,"minecraft:diamond":117,"cobblefordays:tier_2":6,"minecraft:emerald":72,"minecraft:oak_sapling":131,"minecraft:netherrack":6,"minecraft:oak_leaves":98,"functionalstorage:oak_1":3,"minecraft:charcoal":14,"minecraft:turtle_helmet":2,"minecraft:wooden_pickaxe":1,"exdeorum:oak_barrel":4,"exdeorum:blackstone_pebble":199,"minecraft:oak_trapdoor":1,"minecraft:iron_axe":1,"exdeorum:string_mesh":3,"minecraft:wooden_sword":1,"minecraft:item_frame":1,"minecraft:blackstone":6,"functionalstorage:oak_4":1,"reliquary:chelicerae":1,"minecraft:sugar_cane":5,"sophisticatedstorage:iron_chest":3,"minecraft:phantom_membrane":4,"minecraft:raw_iron":205,"reliquary:catalyzing_gland":1,"exdeorum:porcelain_crucible":3,"minecraft:copper_ingot":10,"minecraft:trident":2,"minecraft:howl_pottery_sherd":1,"minecraft:arrow":27,"xycraft_world:xychorium_gem_blue":1,"ae2:certus_quartz_dust":33,"exdeorum:unfired_porcelain_crucible":4,"exdeorum:diorite_pebble":170,"exdeorum:crushed_netherrack":2,"minecraft:basalt":3,"minecraft:leather":20,"minecraft:ice":2,"minecraft:chainmail_chestplate":1,"minecraft:gunpowder":22,"ironfurnaces:upgrade_iron":1,"mekanism:salt":62,"minecraft:red_carpet":1,"exdeorum:oak_sieve":20,"minecraft:iron_ingot":82,"minecraft:soul_sand":2,"functionalstorage:simple_compacting_drawer":6,"minecraft:oak_slab":281,"minecraft:lava_bucket":1,"minecraft:amethyst_shard":71,"minecraft:gold_ore":18,"minecraft:spider_eye":14,"create:wheat_flour":10,"mekanismgenerators:wind_generator":8,"tombstone:magic_scroll":1,"minecraft:coal":290,"alltheores:copper_ore_hammer":1},"minecraft:custom":{"minecraft:interact_with_crafting_table":334,"minecraft:open_barrel":27,"minecraft:leave_game":4,"minecraft:time_since_death":249937,"minecraft:play_time":917754,"minecraft:deaths":6,"minecraft:jump":4688,"minecraft:interact_with_furnace":403,"minecraft:traded_with_villager":1,"minecraft:sleep_in_bed":14,"minecraft:damage_dealt":20015,"tombstone:undead_killed":44,"minecraft:inspect_hopper":39,"minecraft:damage_dealt_absorbed":32,"minecraft:sneak_time":53439,"minecraft:total_world_time":917754,"tombstone:raider_killed":7,"minecraft:time_since_rest":102378,"minecraft:use_wand":1291,"minecraft:swim_one_cm":14554,"minecraft:fly_one_cm":1038425,"minecraft:open_chest":1079,"minecraft:fall_one_cm":198405,"minecraft:damage_resisted":0,"minecraft:sprint_one_cm":866787,"minecraft:drop":442,"minecraft:talked_to_villager":19,"minecraft:walk_on_water_one_cm":25212,"minecraft:crouch_one_cm":106693,"tombstone:villager_killed":3,"minecraft:mob_kills":84,"minecraft:damage_dealt_resisted":21,"minecraft:walk_one_cm":1734976,"minecraft:walk_under_water_one_cm":97777,"minecraft:damage_taken":7074,"minecraft:damage_absorbed":9},"minecraft:killed_by":{"minecraft:zombie":1,"minecraft:phantom":1},"minecraft:used":{"rftoolspower:coalgenerator":15,"minecraft:chest":41,"minecraft:rotten_flesh":8,"minecraft:soul_sand":1,"create:white_sail":37,"minecraft:lava_bucket":19,"minecraft:copper_ore":5,"exdeorum:crushed_netherrack":2,"summoningrituals:altar":1,"ironfurnaces:iron_furnace":2,"minecraft:bow":26,"create:shaft":35,"minecraft:oak_sapling":91,"minecraft:furnace":11,"minecraft:egg":11,"minecraft:potato":21,"minecraft:cactus":3,"minecraft:leather_chestplate":1,"minecraft:clay":7,"minecraft:oak_leaves":98,"minecraft:sand":99,"minecraft:coal_block":1,"minecraft:wooden_sword":17,"exdeorum:oak_crucible":2,"exmachinis:flux_sieve":18,"minecraft:oak_trapdoor":1,"pickletweaks:flint_boots":1,"minecraft:armor_stand":2,"exdeorum:crook":1666,"minecraft:netherrack":6,"minecraft:torch":74,"exdeorum:witch_water_bucket":1,"minecraft:chainmail_chestplate":1,"exdeorum:unfired_porcelain_crucible":4,"supplementaries:pedestal":2,"create:wrench":129,"minecraft:iron_axe":234,"minecraft:barrel":2,"create:encased_chain_drive":4,"cobblefordays:tier_1":6,"constructionwand:diamond_wand":160,"tombstone:gift":3,"exdeorum:oak_sieve":29,"minecraft:wheat_seeds":10,"minecraft:water_bucket":63,"create:encased_fan":2,"minecraft:oak_slab":1069,"minecraft:crafting_table":4,"minecraft:white_bed":2,"minecraft:campfire":2,"minecraft:oak_log":31,"minecraft:diamond_pickaxe":386,"allthecompressed:gravel_1x":1,"allthecompressed:sand_1x":1,"minecraft:iron_pickaxe":456,"create:water_wheel":4,"thermal:machine_smelter":2,"minecraft:cobblestone":843,"sophisticatedstorage:iron_chest":12,"minecraft:red_sand":1,"minecraft:polished_deepslate":1,"minecraft:iron_sword":61,"allthecompressed:cobblestone_1x":302,"comforts:hammock_white":3,"create:cogwheel":58,"minecraft:milk_bucket":2,"minecraft:obsidian":2,"integrateddynamics:squeezer":5,"mekanismgenerators:wind_generator":14,"minecraft:iron_helmet":1,"create:millstone":1,"minecraft:item_frame":1,"pipez:item_pipe":59,"minecraft:stone_pickaxe":78,"minecraft:oak_planks":24,"minecraft:sugar_cane":2,"minecraft:white_wool":17,"sophisticatedstorage:basic_tier_upgrade":1,"minecraft:lever":2,"exdeorum:oak_barrel":6,"mekanism:metallurgic_infuser":12,"minecraft:gravel":2090,"exmachinis:flux_hammer":13,"functionalstorage:oak_1":6,"exdeorum:compressed_stone_hammer":277,"create:vertical_gearbox":6,"minecraft:coarse_dirt":92,"exdeorum:mycelium_spores":1,"create:large_cogwheel":29,"minecraft:trident":189,"minecraft:rose_bush":3,"minecraft:flint_and_steel":6,"thermal:device_rock_gen":4,"minecraft:wooden_shovel":114,"minecraft:dirt":122,"minecraft:hopper":13,"cobblefordays:tier_2":7,"alltheores:osmium_ore":14,"exdeorum:silk_worm":9,"functionalstorage:simple_compacting_drawer":8,"minecraft:wooden_axe":201,"exdeorum:porcelain_crucible":5,"exdeorum:stone_hammer":316,"minecraft:cooked_beef":35,"minecraft:iron_ore":81,"minecraft:baked_potato":35,"minecraft:cobblestone_slab":1260,"exdeorum:crushed_blackstone":2,"exdeorum:stone_barrel":7,"exdeorum:dust":27,"tombstone:bag_of_seeds":1,"minecraft:wooden_hoe":13,"functionalstorage:oak_4":1,"create:windmill_bearing":2,"minecraft:stone_axe":458,"comforts:rope_and_nail":12,"minecraft:bucket":107,"pipez:energy_pipe":63},"minecraft:mined":{"mekanismgenerators:wind_generator":3,"xycraft_world:xychorium_storage_light":1,"create:andesite_casing":9,"minecraft:obsidian":1,"minecraft:red_sand":1,"minecraft:coal_block":1,"supplementaries:pedestal":1,"minecraft:hopper":13,"minecraft:fire":7,"minecraft:barrel":1,"minecraft:cobbled_deepslate":1,"exdeorum:crushed_netherrack":1,"pipez:energy_pipe":46,"minecraft:soul_fire":1,"exmachinis:flux_hammer":10,"minecraft:torch":20,"minecraft:sugar_cane":3,"minecraft:wheat":10,"exdeorum:dust":27,"minecraft:grass":7,"exdeorum:oak_barrel":4,"allthecompressed:cobblestone_1x":264,"exdeorum:oak_crucible":1,"sophisticatedstorage:iron_chest":3,"functionalstorage:oak_1":3,"thermal:machine_smelter":2,"create:shaft":2,"minecraft:potatoes":5,"minecraft:cobblestone_slab":552,"minecraft:white_wool":4,"minecraft:oak_slab":111,"minecraft:soul_sand":1,"exdeorum:infested_leaves":1641,"exmachinis:flux_sieve":15,"minecraft:campfire":2,"create:water_wheel":1,"minecraft:copper_ore":5,"minecraft:coarse_dirt":10,"create:gearbox":1,"summoningrituals:altar":1,"minecraft:gravel":181,"minecraft:oak_sapling":2,"minecraft:farmland":38,"comforts:rope_and_nail":6,"minecraft:grass_block":27,"integrateddynamics:squeezer":4,"thermal:device_rock_gen":2,"cobblefordays:tier_1":6,"minecraft:iron_ore":49,"minecraft:pointed_dripstone":3,"exdeorum:oak_sieve":20,"exdeorum:unfired_porcelain_crucible":4,"minecraft:clay":7,"minecraft:calcite":1,"minecraft:chest":21,"minecraft:cobblestone":105,"minecraft:oak_planks":25,"minecraft:wall_torch":3,"cobblefordays:tier_2":5,"exdeorum:stone_barrel":6,"minecraft:oak_log":301,"minecraft:sand":78,"minecraft:dirt":149,"minecraft:netherrack":5,"minecraft:oak_leaves":568,"minecraft:tuff":1,"alltheores:zinc_ore":30,"minecraft:lever":1,"create:large_cogwheel":1,"minecraft:oak_trapdoor":1,"cb_multipart:multipart":1,"minecraft:furnace":5,"immersiveengineering:hemp":1,"functionalstorage:oak_4":1,"rftoolspower:coalgenerator":14,"functionalstorage:simple_compacting_drawer":6,"minecraft:polished_deepslate":1,"minecraft:stripped_oak_log":6,"exdeorum:porcelain_crucible":3,"pipez:item_pipe":28,"comforts:hammock_white":1,"minecraft:crafting_table":2,"minecraft:rose_bush":4,"mekanism:metallurgic_infuser":12,"minecraft:cactus":10},"minecraft:killed":{"minecraft:skeleton":16,"minecraft:zombie":19,"minecraft:wandering_trader":3,"minecraft:enderman":2,"minecraft:spider":9,"minecraft:zombie_villager":1,"minecraft:creeper":14,"minecraft:trader_llama":10,"minecraft:stray":1,"minecraft:phantom":7,"forcecraft:creeper_tot":1}},"DataVersion":3465}