{"stats":{"minecraft:picked_up":{"minecraft:coarse_dirt":9,"minecraft:wheat":16,"exdeorum:basalt_pebble":59,"minecraft:cooked_beef":27,"exdeorum:dust":37,"minecraft:clay_ball":28,"minecraft:ice":1,"exdeorum:iron_ore_chunk":3,"minecraft:enchanted_book":1,"minecraft:flint":12,"minecraft:ancient_debris":1,"botania:orange_petal":1,"minecraft:oak_log":143,"exdeorum:stone_hammer":4,"exdeorum:oak_barrel":1,"exdeorum:blackstone_pebble":47,"minecraft:dirt":73,"minecraft:string":90,"exdeorum:string_mesh":3,"exdeorum:granite_pebble":62,"immersiveengineering:hemp_fiber":9,"minecraft:apple":4,"minecraft:wheat_seeds":49,"exdeorum:oak_sieve":3,"exdeorum:stone_pebble":127,"exdeorum:wood_chippings":58,"minecraft:rose_bush":2,"minecraft:iron_nugget":1,"minecraft:chest":1,"minecraft:oak_slab":1,"exdeorum:crushed_blackstone":2,"minecraft:stick":80,"exdeorum:deepslate_pebble":47,"minecraft:torch":15,"minecraft:gravel":33,"minecraft:sand":30,"minecraft:black_dye":1,"exdeorum:silk_worm":5,"exdeorum:unfired_porcelain_crucible":2,"minecraft:clay":3,"immersiveengineering:seed":4,"exdeorum:diorite_pebble":40,"exdeorum:tin_ore_chunk":5,"exdeorum:andesite_pebble":37,"minecraft:oak_sapling":70,"minecraft:coal":1,"exdeorum:osmium_ore_chunk":1,"minecraft:oak_leaves":98,"minecraft:cobblestone":13,"croptopia:toast":1},"minecraft:dropped":{"minecraft:gravel":2,"exdeorum:basalt_pebble":7,"minecraft:clay":3,"minecraft:oak_slab":7,"minecraft:black_dye":1,"minecraft:ancient_debris":1,"minecraft:wheat_seeds":5,"exdeorum:string_mesh":1,"minecraft:cooked_beef":24,"minecraft:oak_log":1,"exdeorum:deepslate_pebble":7,"minecraft:coarse_dirt":20,"pickletweaks:flint_shears":1,"minecraft:oak_planks":18,"exdeorum:iron_ore_chunk":3,"exdeorum:osmium_ore_chunk":1,"minecraft:stick":44,"minecraft:flint":3,"minecraft:dirt":4,"exdeorum:tin_ore_chunk":5,"minecraft:rose_bush":1,"botania:orange_petal":1,"minecraft:oak_sapling":2,"exdeorum:diorite_pebble":2,"exdeorum:granite_pebble":3,"exdeorum:blackstone_pebble":9,"exdeorum:andesite_pebble":5,"immersiveengineering:seed":2,"minecraft:string":5,"exdeorum:stone_pebble":16,"exdeorum:stone_hammer":1},"minecraft:mined":{"minecraft:oak_slab":1,"minecraft:oak_sapling":2,"exdeorum:infested_leaves":255,"exdeorum:unfired_porcelain_crucible":2,"minecraft:clay":7,"minecraft:torch":10,"minecraft:grass_block":26,"minecraft:chest":2,"minecraft:rose_bush":2,"minecraft:cobblestone":6,"minecraft:coarse_dirt":9,"immersiveengineering:hemp":1,"minecraft:wheat":10,"exdeorum:dust":24,"minecraft:grass":7,"minecraft:oak_log":46,"exdeorum:oak_barrel":1,"minecraft:sand":25,"minecraft:dirt":36,"exdeorum:oak_sieve":3,"minecraft:oak_leaves":237,"minecraft:farmland":2},"minecraft:killed":{"minecraft:wandering_trader":1,"minecraft:phantom":1},"minecraft:crafted":{"minecraft:coarse_dirt":4,"minecraft:oak_slab":90,"minecraft:oak_planks":113,"exdeorum:oak_barrel":2,"minecraft:crafting_table":1,"minecraft:cobbled_deepslate":9,"pickletweaks:flint_shears":1,"exdeorum:unfired_porcelain_crucible":2,"exdeorum:compressed_stone_hammer":1,"minecraft:bone_meal":2,"allthecompressed:cobblestone_1x":1,"minecraft:diorite":9,"minecraft:air":970,"exdeorum:porcelain_clay_ball":14,"exdeorum:crook":4,"exdeorum:oak_crucible":1,"minecraft:granite":12,"minecraft:basalt":11,"minecraft:cobblestone":24,"exdeorum:flint_mesh":2,"exdeorum:string_mesh":3,"minecraft:stick":14,"minecraft:blackstone":7,"minecraft:stone_pickaxe":1,"minecraft:chest":13,"exdeorum:oak_sieve":2,"minecraft:andesite":7,"exdeorum:stone_hammer":13},"minecraft:custom":{"minecraft:interact_with_furnace":2,"minecraft:mob_kills":2,"tombstone:raider_killed":1,"minecraft:interact_with_crafting_table":60,"minecraft:time_since_death":89335,"minecraft:time_since_rest":89335,"minecraft:sprint_one_cm":15752,"minecraft:damage_taken":459,"minecraft:walk_one_cm":157778,"minecraft:drop":65,"minecraft:damage_dealt":730,"minecraft:talked_to_villager":1,"minecraft:fly_one_cm":7985,"tombstone:undead_killed":1,"minecraft:open_chest":140,"minecraft:crouch_one_cm":24385,"minecraft:play_time":89335,"minecraft:sneak_time":6938,"minecraft:walk_under_water_one_cm":5254,"tombstone:villager_killed":1,"minecraft:jump":174,"minecraft:walk_on_water_one_cm":1439,"minecraft:total_world_time":89335,"minecraft:fall_one_cm":3567},"minecraft:used":{"exdeorum:oak_sieve":5,"minecraft:wheat_seeds":6,"minecraft:water_bucket":2,"minecraft:rose_bush":2,"minecraft:stone_pickaxe":2,"minecraft:chest":14,"exdeorum:crook":275,"minecraft:clay":7,"minecraft:oak_leaves":98,"minecraft:torch":19,"minecraft:sand":25,"minecraft:dirt":36,"minecraft:oak_slab":205,"minecraft:crafting_table":1,"exdeorum:crushed_blackstone":2,"exdeorum:silk_worm":4,"exdeorum:unfired_porcelain_crucible":2,"minecraft:wooden_hoe":7,"exdeorum:dust":24,"minecraft:wooden_axe":127,"exdeorum:oak_barrel":3,"minecraft:lava_bucket":2,"minecraft:gravel":8,"minecraft:wooden_sword":12,"exdeorum:oak_crucible":1,"minecraft:cobblestone":6,"exdeorum:stone_hammer":60,"minecraft:oak_sapling":23,"minecraft:bucket":3,"exdeorum:compressed_stone_hammer":13,"minecraft:cooked_beef":3,"minecraft:coarse_dirt":7},"minecraft:broken":{"exdeorum:crook":2}},"DataVersion":3465}