{"stats":{"minecraft:picked_up":{"exdeorum:mycelium_spores":1,"minecraft:wheat":16,"exdeorum:dust":37,"minecraft:chainmail_boots":1,"minecraft:lead":9,"allthecompressed:basalt_1x":2,"minecraft:enchanted_book":3,"exdeorum:iron_ore_chunk":330,"exdeorum:stone_hammer":5,"comforts:hammock_white":1,"minecraft:polished_deepslate":1,"minecraft:string":783,"minecraft:raw_copper":42,"minecraft:armor_stand":1,"mysticalagriculture:inferium_essence":7,"cobblefordays:tier_1":6,"minecraft:cobbled_deepslate":5,"alltheores:lead_ingot":4,"minecraft:rose_bush":4,"minecraft:cobblestone_slab":77,"minecraft:iron_pickaxe":1,"xycraft_world:xychorium_gem_green":1,"minecraft:furnace":3,"minecraft:stick":130,"exdeorum:oak_crucible":1,"apotheosis:gem":3,"minecraft:torch":27,"tombstone:grave_dust":5,"minecraft:pointed_dripstone":111,"minecraft:black_dye":1,"silentgear:leather_scrap":3,"minecraft:rotten_flesh":11,"summoningrituals:altar":1,"exdeorum:tin_ore_chunk":14,"supplementaries:ash":5,"minecraft:cobblestone":85,"exdeorum:osmium_ore_chunk":4,"exdeorum:basalt_pebble":125,"exdeorum:stone_barrel":3,"minecraft:cooked_beef":27,"minecraft:magma_cream":1,"minecraft:water_bucket":1,"minecraft:flint":95,"exdeorum:nickel_ore_chunk":7,"minecraft:lapis_lazuli":5,"minecraft:dirt":217,"minecraft:leather_boots":1,"immersiveengineering:hemp_fiber":9,"minecraft:glass":7,"minecraft:bone":7,"minecraft:wheat_seeds":49,"everlastingabilities:ability_totem":1,"alltheores:tin_ingot":1,"minecraft:oak_planks":46,"exdeorum:crushed_blackstone":16,"mekanism:metallurgic_infuser":1,"exdeorum:flint_mesh":6,"minecraft:sand":44,"integrateddynamics:squeezer":6,"minecraft:barrel":2,"xycraft_world:xychorium_gem_light":1,"minecraft:clay":3,"minecraft:diamond":46,"cobblefordays:tier_2":2,"minecraft:lever":1,"minecraft:granite":31,"exdeorum:copper_ore_chunk":92,"minecraft:oak_sapling":93,"minecraft:oak_leaves":98,"croptopia:toast":1,"exdeorum:gold_ore_chunk":2,"minecraft:charcoal":14,"minecraft:coarse_dirt":9,"minecraft:crafting_table":2,"minecraft:clay_ball":28,"minecraft:turtle_helmet":1,"minecraft:leather_leggings":1,"exdeorum:oak_barrel":4,"exdeorum:blackstone_pebble":126,"minecraft:iron_axe":1,"exdeorum:string_mesh":3,"exdeorum:granite_pebble":120,"minecraft:wooden_sword":1,"minecraft:white_carpet":12,"functionalstorage:oak_4":1,"minecraft:blackstone":5,"exdeorum:iron_mesh":12,"exdeorum:zinc_ore_chunk":3,"minecraft:iron_nugget":1,"exdeorum:compressed_stone_hammer":2,"allthecompressed:cobblestone_1x":30,"minecraft:chest":4,"minecraft:phantom_membrane":4,"minecraft:copper_ore":43,"minecraft:raw_iron":3,"exdeorum:porcelain_crucible":3,"minecraft:copper_ingot":10,"supplementaries:pedestal":1,"sophisticatedbackpacks:backpack":2,"exdeorum:tuff_pebble":2,"minecraft:trident":2,"minecraft:redstone":2,"minecraft:howl_pottery_sherd":1,"exdeorum:silk_worm":28,"minecraft:arrow":8,"xycraft_world:xychorium_gem_blue":1,"exdeorum:unfired_porcelain_crucible":4,"exdeorum:diorite_pebble":109,"exdeorum:andesite_pebble":101,"minecraft:gold_ingot":50,"exdeorum:crushed_deepslate":18,"minecraft:basalt":3,"rftoolspower:coalgenerator":1,"minecraft:leather":9,"minecraft:ice":2,"exdeorum:compressed_iron_hammer":1,"minecraft:oak_log":446,"botania:orange_petal":1,"minecraft:ancient_debris":1,"minecraft:gunpowder":5,"comforts:rope_and_nail":8,"minecraft:red_carpet":1,"minecraft:apple":10,"exdeorum:oak_sieve":17,"exdeorum:stone_pebble":548,"minecraft:iron_ingot":50,"minecraft:stone_pickaxe":1,"exdeorum:wood_chippings":58,"tombstone:bag_of_seeds":1,"minecraft:iron_sword":1,"functionalstorage:simple_compacting_drawer":4,"dankstorage:dank_1":3,"minecraft:oak_slab":104,"exdeorum:deepslate_pebble":125,"exdeorum:lead_ore_chunk":5,"minecraft:gravel":158,"minecraft:lava_bucket":1,"forcecraft:recovery_heart":1,"exdeorum:silver_ore_chunk":5,"minecraft:spider_eye":3,"exdeorum:aluminum_ore_chunk":1,"immersiveengineering:seed":4,"minecraft:coal":152,"alltheores:copper_ore_hammer":1},"minecraft:used":{"minecraft:polished_deepslate":1,"rftoolspower:coalgenerator":2,"minecraft:chest":21,"minecraft:iron_sword":61,"allthecompressed:cobblestone_1x":37,"comforts:hammock_white":3,"integrateddynamics:squeezer":5,"minecraft:lava_bucket":12,"minecraft:copper_ore":5,"summoningrituals:altar":1,"ironfurnaces:iron_furnace":1,"minecraft:oak_sapling":76,"minecraft:furnace":10,"minecraft:stone_pickaxe":78,"minecraft:oak_planks":13,"minecraft:clay":7,"minecraft:oak_leaves":98,"minecraft:sand":25,"minecraft:lever":2,"exdeorum:oak_barrel":6,"mekanism:metallurgic_infuser":1,"minecraft:gravel":118,"minecraft:wooden_sword":17,"exdeorum:oak_crucible":2,"exdeorum:compressed_stone_hammer":20,"minecraft:coarse_dirt":92,"exdeorum:mycelium_spores":1,"minecraft:rose_bush":3,"minecraft:armor_stand":2,"exdeorum:crook":1666,"minecraft:wooden_shovel":114,"minecraft:torch":65,"minecraft:dirt":108,"cobblefordays:tier_2":2,"exdeorum:silk_worm":9,"exdeorum:unfired_porcelain_crucible":4,"functionalstorage:simple_compacting_drawer":5,"supplementaries:pedestal":2,"minecraft:wooden_axe":201,"minecraft:iron_axe":23,"minecraft:barrel":2,"exdeorum:porcelain_crucible":5,"cobblefordays:tier_1":6,"exdeorum:stone_hammer":83,"constructionwand:diamond_wand":68,"tombstone:gift":3,"minecraft:cooked_beef":28,"exdeorum:oak_sieve":29,"minecraft:wheat_seeds":6,"minecraft:water_bucket":4,"minecraft:iron_ore":1,"minecraft:cobblestone_slab":831,"minecraft:oak_slab":903,"minecraft:crafting_table":3,"exdeorum:crushed_blackstone":2,"minecraft:campfire":2,"minecraft:white_bed":2,"tombstone:bag_of_seeds":1,"exdeorum:stone_barrel":4,"minecraft:oak_log":22,"exdeorum:dust":24,"minecraft:wooden_hoe":13,"functionalstorage:oak_4":1,"allthecompressed:sand_1x":1,"allthecompressed:gravel_1x":1,"minecraft:iron_pickaxe":433,"minecraft:stone_axe":435,"comforts:rope_and_nail":12,"minecraft:cobblestone":705,"minecraft:bucket":12},"minecraft:custom":{"minecraft:interact_with_crafting_table":180,"minecraft:open_barrel":16,"minecraft:leave_game":2,"minecraft:time_since_death":137257,"minecraft:damage_resisted":0,"minecraft:sprint_one_cm":351531,"minecraft:drop":264,"minecraft:talked_to_villager":15,"minecraft:play_time":456332,"minecraft:deaths":2,"minecraft:jump":1687,"minecraft:walk_on_water_one_cm":2288,"minecraft:interact_with_furnace":197,"minecraft:traded_with_villager":1,"minecraft:sleep_in_bed":10,"minecraft:damage_dealt":7381,"minecraft:crouch_one_cm":65612,"tombstone:undead_killed":13,"tombstone:villager_killed":3,"minecraft:mob_kills":30,"minecraft:damage_dealt_resisted":0,"minecraft:walk_one_cm":867554,"minecraft:sneak_time":24769,"minecraft:walk_under_water_one_cm":7420,"minecraft:total_world_time":456332,"tombstone:raider_killed":4,"minecraft:time_since_rest":5961,"minecraft:damage_taken":2677,"minecraft:use_wand":616,"minecraft:fly_one_cm":320039,"minecraft:open_chest":471,"minecraft:fall_one_cm":66822},"minecraft:dropped":{"functionalstorage:void_upgrade":1,"exdeorum:basalt_pebble":9,"minecraft:clay":3,"minecraft:iron_sword":2,"exdeorum:crushed_blackstone":14,"minecraft:cooked_beef":24,"minecraft:oak_log":1,"minecraft:diamond":1,"integrateddynamics:squeezer":2,"pickletweaks:flint_shears":1,"everlastingabilities:ability_totem":1,"alltheores:tin_ingot":1,"minecraft:red_carpet":2,"minecraft:flint":719,"minecraft:dirt":16,"exdeorum:compressed_stone_hammer":4,"minecraft:wooden_sword":2,"minecraft:gold_nugget":5,"exdeorum:crook":1,"exdeorum:granite_pebble":3,"minecraft:iron_pickaxe":2,"minecraft:white_wool":60,"minecraft:gold_ingot":62,"xycraft_world:xychorium_storage_light":5,"xycraft_world:xychorium_gem_light":1,"minecraft:gravel":11,"minecraft:stone_axe":3,"minecraft:ancient_debris":1,"exdeorum:string_mesh":1,"minecraft:cobbled_deepslate":1,"powah:book":1,"minecraft:wheat":1,"xycraft_world:xychorium_gem_blue":1,"minecraft:pointed_dripstone":13,"exdeorum:compressed_iron_hammer":1,"minecraft:oak_planks":20,"xycraft_world:xychorium_storage_green":5,"mekanism:alloy_infused":1,"cobblefordays:tier_2":1,"supplementaries:ash":2,"minecraft:turtle_helmet":1,"exdeorum:crushed_deepslate":18,"minecraft:charcoal":8,"apotheosis:gem":3,"minecraft:chest":1,"minecraft:chainmail_boots":1,"powah:wrench":1,"immersiveengineering:seed":2,"minecraft:iron_ingot":20,"xycraft_world:xychorium_gem_green":1,"minecraft:oak_slab":72,"dankstorage:dank_1":5,"minecraft:black_dye":1,"minecraft:wheat_seeds":6,"exdeorum:deepslate_pebble":10,"minecraft:cobblestone":124,"minecraft:apple":1,"minecraft:granite":15,"exdeorum:iron_ore_chunk":5,"exdeorum:osmium_ore_chunk":1,"minecraft:coal":4,"minecraft:stick":99,"exdeorum:silk_worm":10,"minecraft:wooden_axe":1,"minecraft:rose_bush":1,"botania:orange_petal":1,"alltheores:copper_ore_hammer":3,"exdeorum:tuff_pebble":2,"minecraft:string":5,"exdeorum:stone_pebble":28,"minecraft:furnace":1,"minecraft:coarse_dirt":20,"minecraft:raw_copper":6,"alltheores:copper_dust":11,"minecraft:raw_iron":2,"minecraft:white_carpet":12,"sophisticatedbackpacks:backpack":3,"exdeorum:flint_mesh":1,"xycraft_world:xychorium_storage_blue":5,"minecraft:stone_slab":11,"exdeorum:nickel_ore_chunk":2,"minecraft:cobblestone_slab":155,"minecraft:stone":81,"exdeorum:tin_ore_chunk":7,"minecraft:wooden_shovel":2,"minecraft:oak_sapling":8,"exdeorum:diorite_pebble":3,"minecraft:barrel":1,"exdeorum:andesite_pebble":7,"exdeorum:blackstone_pebble":71,"minecraft:stone_pickaxe":2,"rftoolspower:coalgenerator":1,"exdeorum:stone_hammer":2},"minecraft:crafted":{"minecraft:smooth_stone":3,"minecraft:oak_planks":258,"immersiveengineering:hammer":1,"minecraft:cobblestone_slab":181,"minecraft:barrel":2,"alltheores:copper_dust":11,"alltheores:lead_ingot":128,"ironfurnaces:iron_furnace":1,"minecraft:stone":53,"projecte:high_covalence_dust":40,"exdeorum:unfired_porcelain_crucible":2,"minecraft:lever":1,"comforts:hammock_white":2,"minecraft:granite":12,"alltheores:tin_ingot":65,"minecraft:glass":8,"alltheores:silver_ingot":96,"alltheores:zinc_ingot":98,"minecraft:chest":23,"minecraft:copper_block":2,"exdeorum:stone_hammer":21,"exdeorum:porcelain_crucible":2,"cobblefordays:tier_2":1,"integrateddynamics:squeezer":1,"rftoolspower:coalgenerator":2,"minecraft:oak_slab":227,"minecraft:wooden_shovel":2,"sophisticatedbackpacks:backpack":1,"exdeorum:oak_barrel":2,"minecraft:crafting_table":2,"minecraft:copper_ingot":134,"minecraft:campfire":2,"minecraft:diorite":9,"cobblefordays:tier_1":1,"exdeorum:oak_crucible":1,"minecraft:charcoal":27,"exdeorum:flint_mesh":13,"comforts:rope_and_nail":4,"minecraft:stick":67,"minecraft:stone_slab":12,"minecraft:iron_ingot":13,"minecraft:iron_pickaxe":2,"minecraft:iron_block":1,"minecraft:iron_ore":81,"minecraft:gold_ingot":50,"exdeorum:oak_sieve":11,"minecraft:redstone_torch":4,"minecraft:coarse_dirt":16,"pickletweaks:flint_leggings":1,"functionalstorage:simple_compacting_drawer":1,"minecraft:smooth_stone_slab":6,"rftoolsbase:machine_frame":2,"alltheores:aluminum_ingot":68,"minecraft:cobbled_deepslate":9,"minecraft:furnace":9,"minecraft:piston":1,"minecraft:bone_meal":2,"allthecompressed:cobblestone_1x":8,"minecraft:white_carpet":6,"alltheores:copper_ore_hammer":1,"minecraft:basalt":11,"exdeorum:string_mesh":13,"minecraft:stone_pickaxe":1,"immersiveengineering:component_iron":2,"exdeorum:iron_mesh":7,"dankstorage:dank_1":2,"minecraft:red_dye":5,"constructionwand:diamond_wand":1,"exdeorum:stone_barrel":1,"alltheores:osmium_ingot":25,"alltheores:nickel_ingot":69,"pickletweaks:flint_shears":1,"functionalstorage:oak_4":4,"minecraft:copper_ore":21,"exdeorum:compressed_stone_hammer":2,"alltheores:iron_plate":22,"minecraft:red_carpet":1,"minecraft:stone_axe":4,"projecte:low_covalence_dust":40,"minecraft:air":3789,"exdeorum:crook":13,"minecraft:blue_dye":4,"exdeorum:porcelain_clay_ball":14,"minecraft:white_wool":75,"minecraft:cobblestone":119,"pickletweaks:flint_boots":1,"minecraft:gold_nugget":1,"pickletweaks:flint_chestplate":1,"minecraft:blackstone":7,"minecraft:armor_stand":1,"pickletweaks:flint_helmet":1,"minecraft:white_bed":2,"minecraft:andesite":7,"minecraft:torch":10},"minecraft:killed_by":{"minecraft:phantom":1},"minecraft:broken":{"exdeorum:crook":11},"minecraft:mined":{"minecraft:oak_sapling":2,"minecraft:farmland":37,"comforts:rope_and_nail":6,"xycraft_world:xychorium_storage_light":1,"minecraft:grass_block":26,"integrateddynamics:squeezer":4,"supplementaries:pedestal":1,"cobblefordays:tier_1":6,"minecraft:cobbled_deepslate":1,"minecraft:iron_ore":1,"minecraft:barrel":1,"minecraft:pointed_dripstone":3,"exdeorum:oak_sieve":17,"exdeorum:unfired_porcelain_crucible":4,"minecraft:clay":7,"minecraft:torch":19,"minecraft:calcite":1,"minecraft:chest":5,"minecraft:cobblestone":69,"minecraft:oak_planks":13,"cobblefordays:tier_2":1,"minecraft:wheat":10,"exdeorum:dust":24,"exdeorum:stone_barrel":3,"minecraft:grass":7,"minecraft:oak_log":239,"exdeorum:oak_barrel":4,"minecraft:sand":25,"minecraft:dirt":144,"allthecompressed:cobblestone_1x":7,"minecraft:oak_leaves":426,"minecraft:tuff":1,"exdeorum:oak_crucible":1,"minecraft:lever":1,"cb_multipart:multipart":1,"minecraft:furnace":4,"immersiveengineering:hemp":1,"functionalstorage:oak_4":1,"rftoolspower:coalgenerator":1,"functionalstorage:simple_compacting_drawer":4,"minecraft:polished_deepslate":1,"minecraft:cobblestone_slab":406,"exdeorum:porcelain_crucible":3,"minecraft:oak_slab":56,"exdeorum:infested_leaves":1641,"comforts:hammock_white":1,"minecraft:crafting_table":2,"minecraft:rose_bush":4,"minecraft:campfire":2,"minecraft:copper_ore":5,"mekanism:metallurgic_infuser":1,"minecraft:coarse_dirt":10,"summoningrituals:altar":1,"minecraft:gravel":13},"minecraft:killed":{"minecraft:spider":4,"minecraft:skeleton":4,"minecraft:zombie_villager":1,"minecraft:creeper":1,"minecraft:trader_llama":8,"minecraft:zombie":3,"minecraft:stray":1,"minecraft:phantom":4,"minecraft:wandering_trader":3}},"DataVersion":3465}