{"stats":{"minecraft:picked_up":{"minecraft:stick":10,"minecraft:torch":11,"minecraft:oak_log":22,"botania:orange_petal":1,"minecraft:dirt":60,"minecraft:rose_bush":1,"minecraft:oak_sapling":13},"minecraft:dropped":{"botania:orange_petal":1,"minecraft:oak_sapling":2},"minecraft:mined":{"minecraft:torch":7,"minecraft:grass_block":26,"minecraft:oak_log":15,"minecraft:rose_bush":1,"minecraft:dirt":36,"minecraft:oak_leaves":30},"minecraft:killed":{"minecraft:wandering_trader":1},"minecraft:crafted":{"minecraft:oak_slab":12,"minecraft:oak_planks":17,"exdeorum:oak_barrel":2,"minecraft:crafting_table":1,"minecraft:chest":2,"exdeorum:oak_sieve":1,"minecraft:air":36,"exdeorum:crook":1},"minecraft:custom":{"minecraft:time_since_rest":29335,"minecraft:sprint_one_cm":727,"minecraft:walk_one_cm":27789,"minecraft:damage_taken":58,"minecraft:mob_kills":1,"minecraft:drop":3,"minecraft:damage_dealt":530,"minecraft:interact_with_crafting_table":15,"minecraft:talked_to_villager":1,"minecraft:fly_one_cm":700,"minecraft:open_chest":1,"minecraft:crouch_one_cm":3205,"minecraft:play_time":29335,"minecraft:sneak_time":1013,"tombstone:villager_killed":1,"minecraft:jump":26,"minecraft:time_since_death":29335,"minecraft:total_world_time":29335},"minecraft:used":{"exdeorum:oak_sieve":1,"minecraft:wooden_axe":12,"exdeorum:oak_barrel":2,"minecraft:rose_bush":1,"minecraft:chest":2,"exdeorum:crook":39,"minecraft:torch":11,"minecraft:wooden_sword":6,"minecraft:dirt":36,"minecraft:crafting_table":1,"minecraft:oak_sapling":3}},"DataVersion":3465}