{"stats":{"minecraft:picked_up":{"minecraft:wheat":16,"exdeorum:dust":37,"minecraft:lead":7,"minecraft:enchanted_book":2,"exdeorum:iron_ore_chunk":18,"exdeorum:stone_hammer":5,"minecraft:polished_deepslate":1,"minecraft:string":428,"minecraft:raw_copper":42,"minecraft:armor_stand":1,"cobblefordays:tier_1":6,"mysticalagriculture:inferium_essence":1,"minecraft:cobbled_deepslate":1,"minecraft:rose_bush":2,"minecraft:cobblestone_slab":48,"minecraft:iron_pickaxe":1,"xycraft_world:xychorium_gem_green":1,"minecraft:furnace":2,"minecraft:stick":120,"exdeorum:oak_crucible":1,"minecraft:torch":20,"minecraft:pointed_dripstone":111,"tombstone:grave_dust":1,"minecraft:black_dye":1,"exdeorum:tin_ore_chunk":13,"supplementaries:ash":2,"minecraft:cobblestone":50,"exdeorum:osmium_ore_chunk":4,"exdeorum:basalt_pebble":125,"exdeorum:stone_barrel":2,"minecraft:cooked_beef":27,"minecraft:magma_cream":1,"minecraft:water_bucket":1,"minecraft:flint":30,"minecraft:dirt":217,"minecraft:lapis_lazuli":5,"exdeorum:nickel_ore_chunk":5,"immersiveengineering:hemp_fiber":9,"minecraft:wheat_seeds":49,"alltheores:tin_ingot":1,"minecraft:oak_planks":15,"exdeorum:crushed_blackstone":2,"exdeorum:flint_mesh":6,"minecraft:sand":38,"integrateddynamics:squeezer":6,"minecraft:barrel":2,"xycraft_world:xychorium_gem_light":1,"minecraft:clay":3,"cobblefordays:tier_2":2,"minecraft:lever":1,"minecraft:granite":15,"exdeorum:copper_ore_chunk":92,"minecraft:oak_sapling":82,"minecraft:oak_leaves":98,"croptopia:toast":1,"exdeorum:gold_ore_chunk":2,"minecraft:charcoal":4,"minecraft:crafting_table":2,"minecraft:coarse_dirt":9,"minecraft:clay_ball":28,"exdeorum:oak_barrel":4,"exdeorum:blackstone_pebble":126,"exdeorum:string_mesh":3,"exdeorum:granite_pebble":120,"minecraft:wooden_sword":1,"functionalstorage:oak_4":1,"exdeorum:zinc_ore_chunk":3,"minecraft:iron_nugget":1,"exdeorum:compressed_stone_hammer":2,"minecraft:chest":2,"minecraft:phantom_membrane":4,"minecraft:copper_ore":43,"minecraft:raw_iron":3,"exdeorum:porcelain_crucible":3,"minecraft:copper_ingot":10,"supplementaries:pedestal":1,"sophisticatedbackpacks:backpack":2,"exdeorum:tuff_pebble":2,"minecraft:redstone":2,"minecraft:howl_pottery_sherd":1,"exdeorum:silk_worm":19,"xycraft_world:xychorium_gem_blue":1,"exdeorum:unfired_porcelain_crucible":4,"exdeorum:diorite_pebble":109,"exdeorum:andesite_pebble":101,"minecraft:gold_ingot":18,"exdeorum:crushed_deepslate":18,"rftoolspower:coalgenerator":1,"minecraft:leather":8,"minecraft:ice":1,"exdeorum:compressed_iron_hammer":1,"botania:orange_petal":1,"minecraft:oak_log":271,"minecraft:ancient_debris":1,"minecraft:apple":8,"exdeorum:oak_sieve":3,"exdeorum:stone_pebble":548,"minecraft:iron_ingot":50,"minecraft:stone_pickaxe":1,"exdeorum:wood_chippings":58,"functionalstorage:simple_compacting_drawer":4,"dankstorage:dank_1":3,"minecraft:oak_slab":25,"exdeorum:deepslate_pebble":125,"exdeorum:lead_ore_chunk":5,"minecraft:gravel":152,"minecraft:lava_bucket":1,"exdeorum:silver_ore_chunk":5,"exdeorum:aluminum_ore_chunk":1,"immersiveengineering:seed":4,"minecraft:coal":71,"alltheores:copper_ore_hammer":1},"minecraft:dropped":{"exdeorum:basalt_pebble":9,"minecraft:clay":3,"minecraft:iron_sword":1,"minecraft:cooked_beef":24,"minecraft:oak_log":1,"integrateddynamics:squeezer":2,"pickletweaks:flint_shears":1,"alltheores:tin_ingot":1,"minecraft:flint":204,"minecraft:dirt":6,"exdeorum:compressed_stone_hammer":3,"exdeorum:crook":1,"minecraft:wooden_sword":2,"exdeorum:granite_pebble":3,"minecraft:iron_pickaxe":1,"minecraft:gold_ingot":18,"xycraft_world:xychorium_storage_light":5,"xycraft_world:xychorium_gem_light":1,"minecraft:gravel":11,"minecraft:stone_axe":1,"minecraft:ancient_debris":1,"exdeorum:string_mesh":1,"minecraft:cobbled_deepslate":1,"powah:book":1,"minecraft:wheat":1,"minecraft:pointed_dripstone":13,"xycraft_world:xychorium_gem_blue":1,"exdeorum:compressed_iron_hammer":1,"minecraft:oak_planks":20,"xycraft_world:xychorium_storage_green":5,"cobblefordays:tier_2":1,"supplementaries:ash":2,"exdeorum:crushed_deepslate":18,"minecraft:charcoal":8,"powah:wrench":1,"immersiveengineering:seed":2,"minecraft:iron_ingot":20,"minecraft:oak_slab":8,"dankstorage:dank_1":5,"minecraft:black_dye":1,"xycraft_world:xychorium_gem_green":1,"minecraft:wheat_seeds":6,"exdeorum:deepslate_pebble":10,"minecraft:cobblestone":110,"minecraft:granite":15,"exdeorum:iron_ore_chunk":5,"exdeorum:osmium_ore_chunk":1,"minecraft:coal":4,"minecraft:stick":94,"minecraft:wooden_axe":1,"minecraft:rose_bush":1,"botania:orange_petal":1,"alltheores:copper_ore_hammer":3,"exdeorum:tuff_pebble":2,"minecraft:string":5,"exdeorum:stone_pebble":28,"minecraft:furnace":1,"minecraft:coarse_dirt":20,"minecraft:raw_copper":6,"alltheores:copper_dust":11,"minecraft:raw_iron":2,"exdeorum:flint_mesh":1,"xycraft_world:xychorium_storage_blue":5,"sophisticatedbackpacks:backpack":3,"minecraft:stone_slab":11,"minecraft:cobblestone_slab":91,"minecraft:stone":4,"exdeorum:tin_ore_chunk":6,"minecraft:oak_sapling":3,"minecraft:wooden_shovel":2,"exdeorum:diorite_pebble":3,"minecraft:barrel":1,"exdeorum:blackstone_pebble":71,"minecraft:stone_pickaxe":2,"exdeorum:andesite_pebble":7,"rftoolspower:coalgenerator":1,"exdeorum:stone_hammer":2},"minecraft:mined":{"minecraft:oak_sapling":2,"minecraft:farmland":37,"xycraft_world:xychorium_storage_light":1,"minecraft:grass_block":26,"integrateddynamics:squeezer":4,"supplementaries:pedestal":1,"cobblefordays:tier_1":6,"minecraft:iron_ore":1,"minecraft:cobbled_deepslate":1,"minecraft:barrel":1,"minecraft:pointed_dripstone":3,"exdeorum:oak_sieve":3,"exdeorum:unfired_porcelain_crucible":4,"minecraft:clay":7,"minecraft:torch":14,"minecraft:calcite":1,"minecraft:chest":3,"minecraft:cobblestone":33,"minecraft:oak_planks":12,"cobblefordays:tier_2":1,"minecraft:wheat":10,"exdeorum:dust":24,"exdeorum:stone_barrel":2,"minecraft:grass":7,"minecraft:oak_log":150,"exdeorum:oak_barrel":4,"minecraft:sand":25,"minecraft:dirt":144,"allthecompressed:cobblestone_1x":7,"minecraft:oak_leaves":242,"minecraft:tuff":1,"exdeorum:oak_crucible":1,"minecraft:lever":1,"minecraft:furnace":3,"immersiveengineering:hemp":1,"functionalstorage:oak_4":1,"rftoolspower:coalgenerator":1,"functionalstorage:simple_compacting_drawer":4,"minecraft:polished_deepslate":1,"minecraft:cobblestone_slab":51,"exdeorum:porcelain_crucible":3,"minecraft:oak_slab":39,"exdeorum:infested_leaves":1011,"minecraft:crafting_table":2,"minecraft:rose_bush":2,"minecraft:campfire":2,"minecraft:copper_ore":5,"minecraft:coarse_dirt":10,"minecraft:gravel":7},"minecraft:killed":{"minecraft:trader_llama":7,"minecraft:phantom":4,"minecraft:wandering_trader":3},"minecraft:crafted":{"minecraft:smooth_stone":3,"minecraft:oak_planks":212,"minecraft:cobblestone_slab":117,"minecraft:barrel":2,"alltheores:copper_dust":11,"minecraft:stone":53,"exdeorum:unfired_porcelain_crucible":2,"minecraft:lever":1,"minecraft:granite":12,"minecraft:glass":8,"minecraft:chest":20,"minecraft:copper_block":2,"exdeorum:stone_hammer":20,"exdeorum:porcelain_crucible":2,"cobblefordays:tier_2":1,"integrateddynamics:squeezer":1,"rftoolspower:coalgenerator":2,"minecraft:oak_slab":187,"minecraft:wooden_shovel":2,"sophisticatedbackpacks:backpack":1,"exdeorum:oak_barrel":2,"minecraft:crafting_table":1,"minecraft:copper_ingot":43,"minecraft:campfire":2,"minecraft:diorite":9,"cobblefordays:tier_1":1,"exdeorum:oak_crucible":1,"minecraft:charcoal":26,"exdeorum:flint_mesh":13,"minecraft:stick":41,"minecraft:stone_slab":12,"minecraft:iron_ingot":13,"minecraft:iron_pickaxe":1,"minecraft:iron_block":1,"minecraft:iron_ore":3,"minecraft:gold_ingot":6,"exdeorum:oak_sieve":11,"minecraft:redstone_torch":4,"minecraft:coarse_dirt":16,"functionalstorage:simple_compacting_drawer":1,"minecraft:smooth_stone_slab":6,"rftoolsbase:machine_frame":2,"minecraft:cobbled_deepslate":9,"minecraft:furnace":9,"minecraft:piston":1,"minecraft:bone_meal":2,"allthecompressed:cobblestone_1x":8,"alltheores:copper_ore_hammer":1,"minecraft:basalt":11,"exdeorum:string_mesh":13,"minecraft:stone_pickaxe":1,"exdeorum:iron_mesh":7,"dankstorage:dank_1":2,"exdeorum:stone_barrel":1,"pickletweaks:flint_shears":1,"functionalstorage:oak_4":4,"exdeorum:compressed_stone_hammer":2,"minecraft:copper_ore":21,"minecraft:stone_axe":2,"minecraft:air":2802,"exdeorum:crook":9,"minecraft:blue_dye":4,"exdeorum:porcelain_clay_ball":14,"minecraft:white_wool":11,"minecraft:cobblestone":119,"minecraft:gold_nugget":1,"minecraft:blackstone":7,"minecraft:armor_stand":1,"minecraft:white_bed":2,"minecraft:andesite":7,"minecraft:torch":10},"minecraft:custom":{"minecraft:interact_with_crafting_table":155,"minecraft:open_barrel":3,"minecraft:time_since_death":163018,"minecraft:sprint_one_cm":182909,"minecraft:drop":200,"minecraft:talked_to_villager":10,"minecraft:play_time":275335,"minecraft:deaths":1,"minecraft:jump":930,"minecraft:walk_on_water_one_cm":2288,"minecraft:interact_with_furnace":103,"minecraft:sleep_in_bed":3,"minecraft:damage_dealt":3601,"minecraft:crouch_one_cm":39413,"tombstone:undead_killed":4,"tombstone:villager_killed":3,"minecraft:mob_kills":14,"minecraft:walk_one_cm":591321,"minecraft:sneak_time":16821,"minecraft:walk_under_water_one_cm":7420,"minecraft:total_world_time":275335,"tombstone:raider_killed":4,"minecraft:time_since_rest":67642,"minecraft:damage_taken":1751,"minecraft:fly_one_cm":107815,"minecraft:open_chest":317,"minecraft:fall_one_cm":59370},"minecraft:used":{"minecraft:polished_deepslate":1,"minecraft:chest":17,"allthecompressed:cobblestone_1x":7,"integrateddynamics:squeezer":5,"minecraft:lava_bucket":12,"minecraft:copper_ore":5,"minecraft:oak_sapling":58,"minecraft:furnace":10,"minecraft:stone_pickaxe":78,"minecraft:oak_planks":12,"minecraft:clay":7,"minecraft:oak_leaves":98,"minecraft:sand":25,"minecraft:lever":2,"exdeorum:oak_barrel":6,"minecraft:gravel":112,"minecraft:wooden_sword":17,"exdeorum:oak_crucible":2,"exdeorum:compressed_stone_hammer":20,"minecraft:coarse_dirt":92,"minecraft:rose_bush":2,"minecraft:armor_stand":2,"exdeorum:crook":1036,"minecraft:wooden_shovel":114,"minecraft:torch":45,"minecraft:dirt":107,"cobblefordays:tier_2":2,"exdeorum:silk_worm":9,"exdeorum:unfired_porcelain_crucible":4,"functionalstorage:simple_compacting_drawer":5,"supplementaries:pedestal":2,"minecraft:wooden_axe":201,"minecraft:barrel":1,"exdeorum:porcelain_crucible":5,"cobblefordays:tier_1":6,"exdeorum:stone_hammer":77,"tombstone:gift":1,"minecraft:cooked_beef":16,"exdeorum:oak_sieve":15,"minecraft:wheat_seeds":6,"minecraft:water_bucket":4,"minecraft:iron_ore":1,"minecraft:cobblestone_slab":430,"minecraft:crafting_table":3,"minecraft:oak_slab":524,"exdeorum:crushed_blackstone":2,"minecraft:white_bed":2,"minecraft:campfire":2,"exdeorum:stone_barrel":3,"exdeorum:dust":24,"minecraft:wooden_hoe":13,"functionalstorage:oak_4":1,"allthecompressed:sand_1x":1,"allthecompressed:gravel_1x":1,"minecraft:iron_pickaxe":33,"minecraft:stone_axe":123,"minecraft:cobblestone":33,"minecraft:bucket":12},"minecraft:broken":{"exdeorum:crook":7}},"DataVersion":3465}