{"stats":{"minecraft:picked_up":{"exdeorum:osmium_ore_chunk":1,"minecraft:wheat":3,"exdeorum:aluminum_ore_chunk":1,"minecraft:wheat_seeds":7,"minecraft:torch":10,"minecraft:gravel":11,"exdeorum:tin_ore_chunk":2,"exdeorum:iron_ore_chunk":2,"minecraft:rose_bush":1,"minecraft:emerald":1,"exdeorum:gold_ore_chunk":1,"minecraft:lapis_lazuli":2,"exdeorum:wooden_watering_can":1,"exdeorum:nickel_ore_chunk":8,"minecraft:sunflower":2},"minecraft:used":{"minecraft:wheat_seeds":3,"minecraft:torch":10,"minecraft:rose_bush":1,"minecraft:gravel":12},"minecraft:dropped":{"exdeorum:nickel_ore_chunk":8,"exdeorum:tin_ore_chunk":2,"exdeorum:iron_ore_chunk":2,"exdeorum:wooden_watering_can":1,"exdeorum:aluminum_ore_chunk":1,"exdeorum:osmium_ore_chunk":1,"exdeorum:gold_ore_chunk":1,"minecraft:emerald":1},"minecraft:custom":{"minecraft:open_chest":8,"minecraft:time_since_rest":10864,"minecraft:crouch_one_cm":208,"minecraft:play_time":10864,"minecraft:sprint_one_cm":10847,"minecraft:damage_taken":10,"minecraft:walk_one_cm":16943,"minecraft:sneak_time":23,"minecraft:drop":12,"minecraft:jump":44,"minecraft:damage_dealt":4,"minecraft:leave_game":4,"minecraft:time_since_death":10864,"minecraft:total_world_time":10864,"minecraft:fall_one_cm":541,"minecraft:fly_one_cm":9121},"minecraft:mined":{"minecraft:rose_bush":1,"minecraft:sunflower":2,"minecraft:wheat":3,"minecraft:wall_torch":9,"minecraft:torch":1}},"DataVersion":3465}