{"stats":{"minecraft:picked_up":{"exdeorum:osmium_ore_chunk":1,"minecraft:stick":1,"minecraft:wheat":3,"minecraft:torch":10,"minecraft:gravel":11,"exdeorum:iron_ore_chunk":2,"minecraft:oak_log":9,"exdeorum:wooden_watering_can":1,"minecraft:lapis_lazuli":2,"exdeorum:nickel_ore_chunk":8,"exdeorum:granite_pebble":1,"exdeorum:aluminum_ore_chunk":1,"minecraft:wheat_seeds":7,"exdeorum:stone_pebble":2,"exdeorum:tin_ore_chunk":2,"minecraft:rose_bush":1,"minecraft:emerald":1,"minecraft:oak_sapling":1,"minecraft:sugar_cane":1,"minecraft:sunflower":2,"exdeorum:gold_ore_chunk":1},"minecraft:used":{"minecraft:wheat_seeds":3,"minecraft:rose_bush":1,"minecraft:gravel":12,"minecraft:stone_axe":14,"minecraft:torch":10},"minecraft:custom":{"minecraft:time_since_rest":22601,"minecraft:sprint_one_cm":27570,"minecraft:damage_taken":10,"minecraft:walk_one_cm":31289,"minecraft:drop":16,"minecraft:damage_dealt":4,"minecraft:interact_with_crafting_table":4,"minecraft:fly_one_cm":29422,"minecraft:open_barrel":2,"minecraft:open_chest":25,"minecraft:crouch_one_cm":1861,"minecraft:play_time":22601,"minecraft:sneak_time":322,"minecraft:jump":108,"minecraft:leave_game":4,"minecraft:time_since_death":22601,"minecraft:total_world_time":22601,"minecraft:fall_one_cm":1646},"minecraft:dropped":{"exdeorum:gold_ore_chunk":1,"exdeorum:nickel_ore_chunk":8,"minecraft:wheat_seeds":4,"exdeorum:tin_ore_chunk":2,"exdeorum:aluminum_ore_chunk":1,"exdeorum:iron_ore_chunk":2,"exdeorum:wooden_watering_can":1,"exdeorum:osmium_ore_chunk":1,"minecraft:emerald":1},"minecraft:crafted":{"minecraft:oak_planks":9,"minecraft:wooden_hoe":1,"minecraft:stick":24,"exdeorum:compressed_stone_hammer":1,"allthecompressed:cobblestone_1x":1,"exdeorum:stone_hammer":9,"minecraft:stone_axe":1,"minecraft:air":100},"minecraft:mined":{"minecraft:wheat":3,"minecraft:torch":1,"minecraft:oak_log":7,"minecraft:rose_bush":1,"minecraft:sunflower":2,"minecraft:oak_leaves":5,"minecraft:wall_torch":9}},"DataVersion":3465}