{"stats":{"minecraft:picked_up":{"exdeorum:gold_ore_chunk":1,"exdeorum:osmium_ore_chunk":2,"minecraft:wheat":3,"exdeorum:basalt_pebble":7,"exdeorum:dust":12,"exdeorum:iron_ore_chunk":3,"minecraft:oak_log":9,"exdeorum:blackstone_pebble":1,"minecraft:lapis_lazuli":3,"exdeorum:nickel_ore_chunk":9,"exdeorum:granite_pebble":5,"minecraft:wheat_seeds":7,"exdeorum:stone_pebble":31,"exdeorum:oak_sieve":1,"minecraft:rose_bush":1,"exdeorum:zinc_ore_chunk":2,"minecraft:sugar_cane":1,"minecraft:stick":1,"exdeorum:deepslate_pebble":7,"exdeorum:lead_ore_chunk":1,"minecraft:torch":10,"minecraft:gravel":13,"minecraft:sand":9,"exdeorum:wooden_watering_can":1,"exdeorum:aluminum_ore_chunk":3,"exdeorum:diorite_pebble":4,"exdeorum:tin_ore_chunk":2,"exdeorum:andesite_pebble":3,"minecraft:emerald":1,"minecraft:oak_sapling":1,"minecraft:sunflower":2},"minecraft:used":{"exdeorum:oak_sieve":1,"minecraft:wheat_seeds":3,"minecraft:rose_bush":1,"minecraft:baked_potato":3,"minecraft:torch":10,"minecraft:sand":13,"minecraft:gravel":38,"minecraft:stone_axe":15,"exdeorum:diamond_hammer":20,"exdeorum:compressed_stone_hammer":5},"minecraft:dropped":{"minecraft:wheat_seeds":4,"exdeorum:iron_ore_chunk":2,"exdeorum:osmium_ore_chunk":1,"minecraft:emerald":1,"exdeorum:gold_ore_chunk":1,"exdeorum:nickel_ore_chunk":8,"exdeorum:tin_ore_chunk":2,"exdeorum:aluminum_ore_chunk":1,"exdeorum:blackstone_pebble":1,"exdeorum:wooden_watering_can":1},"minecraft:custom":{"minecraft:interact_with_furnace":2,"minecraft:interact_with_crafting_table":10,"minecraft:open_barrel":3,"minecraft:leave_game":4,"minecraft:time_since_death":34601,"minecraft:time_since_rest":34601,"minecraft:sprint_one_cm":50399,"minecraft:damage_taken":20,"minecraft:walk_one_cm":49034,"minecraft:drop":17,"minecraft:damage_dealt":26,"minecraft:fly_one_cm":48564,"minecraft:open_chest":29,"minecraft:crouch_one_cm":3779,"minecraft:play_time":34601,"minecraft:sneak_time":629,"minecraft:walk_under_water_one_cm":296,"minecraft:jump":179,"minecraft:walk_on_water_one_cm":110,"minecraft:total_world_time":34601,"minecraft:fall_one_cm":3109},"minecraft:crafted":{"minecraft:coarse_dirt":12,"minecraft:oak_planks":9,"minecraft:cobbled_deepslate":1,"croptopia:toast":1,"exdeorum:compressed_stone_hammer":1,"allthecompressed:cobblestone_1x":1,"minecraft:stone_axe":1,"minecraft:diorite":1,"minecraft:air":106,"exdeorum:crook":1,"minecraft:granite":1,"minecraft:wooden_hoe":1,"minecraft:cobblestone":7,"exdeorum:string_mesh":1,"minecraft:stick":24,"exdeorum:compressed_dust":1,"exdeorum:stone_hammer":9},"minecraft:mined":{"minecraft:torch":1,"minecraft:rose_bush":1,"minecraft:wall_torch":9,"minecraft:wheat":3,"minecraft:oak_log":7,"minecraft:sand":13,"minecraft:sunflower":2,"minecraft:gravel":10,"exdeorum:oak_sieve":1,"minecraft:oak_leaves":5}},"DataVersion":3465}